original_trial_index,recovery_source,candidate_stimulus_sets,stimulus_set_inference,trial_id,random_order,experiment_list,dataset_number,dataset_slug,dataset_label,stimulus_set,condition_id,condition_name,cohesion,transitivity,condition_trigger,item_trigger,n_images,img1,img1_role,img2,img2_role,img3,img3_role,img4,img4_role,between_image,audio_probe,between_audio,between_audio_lock_sec,source_dataset_folder
1,recording_folder_screenshots_2026-08-26,1|4,inferred_from_visible_dataset_and_condition; screenshots_do_not_show_hidden_stimulus_set,d013_set1_it_coh_list1,97,1,13,013_stand_wash_clothes,stand_wash_clothes,1,it_coh,intransitive_cohesive,cohesive,intransitive,3,49,4,JpegStimuliFullRes/13_stand_wash clothes/1/coh_1.jpg,coh_1,JpegStimuliFullRes/13_stand_wash clothes/1/coh_2.jpg,coh_2,JpegStimuliFullRes/13_stand_wash clothes/1/it_target.jpg,it_target,JpegStimuliFullRes/13_stand_wash clothes/1/end_coh_it.jpg,end_coh_it,,0,,0,JpegStimuliFullRes/13_stand_wash clothes
2,recording_folder_screenshots_2026-08-26,2|3,inferred_from_visible_dataset_and_condition; screenshots_do_not_show_hidden_stimulus_set,d001_set2_it_ic_list1,4,1,1,001_cough_throw_bones,cough_throw_bones,2,it_ic,intransitive_incohesive,incohesive,intransitive,4,2,3,JpegStimuliFullRes/1_cough_throw bones/2/ic_1.jpg,ic_1,JpegStimuliFullRes/1_cough_throw bones/2/it_target.jpg,it_target,JpegStimuliFullRes/1_cough_throw bones/2/end_ic_it.jpg,end_ic_it,,,,0,,0,JpegStimuliFullRes/1_cough_throw bones
3,recording_folder_screenshots_2026-08-26,1|4,inferred_from_visible_dataset_and_condition; screenshots_do_not_show_hidden_stimulus_set,d027_set1_it_coh_list1,209,1,27,027_jump_pull_blanket,jump_pull_blanket,1,it_coh,intransitive_cohesive,cohesive,intransitive,3,105,4,JpegStimuliFullRes/27_jump_pull blanket/1/coh_1.jpg,coh_1,JpegStimuliFullRes/27_jump_pull blanket/1/coh_2.jpg,coh_2,JpegStimuliFullRes/27_jump_pull blanket/1/it_target.jpg,it_target,JpegStimuliFullRes/27_jump_pull blanket/1/end_coh_it.jpg,end_coh_it,,0,,0,JpegStimuliFullRes/27_jump_pull blanket
4,recording_folder_screenshots_2026-08-26,1|4,inferred_from_visible_dataset_and_condition; screenshots_do_not_show_hidden_stimulus_set,d026_set1_tr_ic_list1,202,1,26,026_sleep_drag_log,sleep_drag_log,1,tr_ic,transitive_incohesive,incohesive,transitive,2,101,3,JpegStimuliFullRes/26_sleep_drag log/1/ic_1.jpg,ic_1,JpegStimuliFullRes/26_sleep_drag log/1/tr_target.jpg,tr_target,JpegStimuliFullRes/26_sleep_drag log/1/end_ic_tr.jpg,end_ic_tr,,,,0,,0,JpegStimuliFullRes/26_sleep_drag log
5,recording_folder_screenshots_2026-08-26,1|4,inferred_from_visible_dataset_and_condition; screenshots_do_not_show_hidden_stimulus_set,d012_set1_it_coh_list1,89,1,12,012_come_eat_rice,come_eat_rice,1,it_coh,intransitive_cohesive,cohesive,intransitive,3,45,4,JpegStimuliFullRes/12_come_eat rice/1/coh_1.jpg,coh_1,JpegStimuliFullRes/12_come_eat rice/1/coh_2.jpg,coh_2,JpegStimuliFullRes/12_come_eat rice/1/it_target.jpg,it_target,JpegStimuliFullRes/12_come_eat rice/1/end_coh_it.jpg,end_coh_it,,0,,0,JpegStimuliFullRes/12_come_eat rice
6,recording_folder_screenshots_2026-08-26,2|3,inferred_from_visible_dataset_and_condition; screenshots_do_not_show_hidden_stimulus_set,d008_set2_tr_coh_list1,59,1,8,008_smile_weave_garland,smile_weave_garland,2,tr_coh,transitive_cohesive,cohesive,transitive,1,30,3,JpegStimuliFullRes/8_smile_weave garland/2/coh_1.jpg,coh_1,JpegStimuliFullRes/8_smile_weave garland/2/coh_2.jpg,coh_2,JpegStimuliFullRes/8_smile_weave garland/2/tr_target.jpg,tr_target,,,,0,,0,JpegStimuliFullRes/8_smile_weave garland
7,recording_folder_screenshots_2026-08-26,2|3,inferred_from_visible_dataset_and_condition; screenshots_do_not_show_hidden_stimulus_set,d024_set2_it_ic_list1,188,1,24,024_descend_paint_bench,descend_paint_bench,2,it_ic,intransitive_incohesive,incohesive,intransitive,4,94,3,JpegStimuliFullRes/24_descend_paint bench/2/ic_1.jpg,ic_1,JpegStimuliFullRes/24_descend_paint bench/2/it_target.jpg,it_target,JpegStimuliFullRes/24_descend_paint bench/2/end_ic_it.jpg,end_ic_it,,,,0,,0,JpegStimuliFullRes/24_descend_paint bench
8,recording_folder_screenshots_2026-08-26,1|4,inferred_from_visible_dataset_and_condition; screenshots_do_not_show_hidden_stimulus_set,d001_set1_it_coh_list1,1,1,1,001_cough_throw_bones,cough_throw_bones,1,it_coh,intransitive_cohesive,cohesive,intransitive,3,1,4,JpegStimuliFullRes/1_cough_throw bones/1/coh_1.jpg,coh_1,JpegStimuliFullRes/1_cough_throw bones/1/coh_2.jpg,coh_2,JpegStimuliFullRes/1_cough_throw bones/1/it_target.jpg,it_target,JpegStimuliFullRes/1_cough_throw bones/1/end_coh_it.jpg,end_coh_it,,0,,0,JpegStimuliFullRes/1_cough_throw bones
9,recording_folder_screenshots_2026-08-26,2|3,inferred_from_visible_dataset_and_condition; screenshots_do_not_show_hidden_stimulus_set,d012_set2_tr_coh_list1,91,1,12,012_come_eat_rice,come_eat_rice,2,tr_coh,transitive_cohesive,cohesive,transitive,1,46,3,JpegStimuliFullRes/12_come_eat rice/2/coh_1.jpg,coh_1,JpegStimuliFullRes/12_come_eat rice/2/coh_2.jpg,coh_2,JpegStimuliFullRes/12_come_eat rice/2/tr_target.jpg,tr_target,,,,0,,0,JpegStimuliFullRes/12_come_eat rice
10,recording_folder_screenshots_2026-08-26,2|3,inferred_from_visible_dataset_and_condition; screenshots_do_not_show_hidden_stimulus_set,d030_set2_tr_coh_list1,235,1,30,030_smile_make_momos,smile_make_momos,2,tr_coh,transitive_cohesive,cohesive,transitive,1,118,3,JpegStimuliFullRes/30_smile_make momos/2/coh_1.jpg,coh_1,JpegStimuliFullRes/30_smile_make momos/2/coh_2.jpg,coh_2,JpegStimuliFullRes/30_smile_make momos/2/tr_target.jpg,tr_target,,,,0,,0,JpegStimuliFullRes/30_smile_make momos
11,recording_folder_screenshots_2026-08-26,2|3,inferred_from_visible_dataset_and_condition; screenshots_do_not_show_hidden_stimulus_set,d022_set2_it_ic_list1,172,1,22,022_come_push_chest,come_push_chest,2,it_ic,intransitive_incohesive,incohesive,intransitive,4,86,3,JpegStimuliFullRes/22_come_push chest/2/ic_1.jpg,ic_1,JpegStimuliFullRes/22_come_push chest/2/it_target.jpg,it_target,JpegStimuliFullRes/22_come_push chest/2/end_ic_it.jpg,end_ic_it,,,,0,,0,JpegStimuliFullRes/22_come_push chest
12,recording_folder_screenshots_2026-08-26,2|3,inferred_from_visible_dataset_and_condition; screenshots_do_not_show_hidden_stimulus_set,d011_set2_it_ic_list1,84,1,11,011_ascend_wipe_plate,ascend_wipe_plate,2,it_ic,intransitive_incohesive,incohesive,intransitive,4,42,3,JpegStimuliFullRes/11_ascend_wipe plate/2/ic_1.jpg,ic_1,JpegStimuliFullRes/11_ascend_wipe plate/2/it_target.jpg,it_target,JpegStimuliFullRes/11_ascend_wipe plate/2/end_ic_it.jpg,end_ic_it,,,,0,,0,JpegStimuliFullRes/11_ascend_wipe plate
13,recording_folder_screenshots_2026-08-26,2|3,inferred_from_visible_dataset_and_condition; screenshots_do_not_show_hidden_stimulus_set,d021_set2_tr_coh_list1,163,1,21,021_cough_burn_bottles,cough_burn_bottles,2,tr_coh,transitive_cohesive,cohesive,transitive,1,82,3,JpegStimuliFullRes/21_cough_burn bottles/2/coh_1.jpg,coh_1,JpegStimuliFullRes/21_cough_burn bottles/2/coh_2.jpg,coh_2,JpegStimuliFullRes/21_cough_burn bottles/2/tr_target.jpg,tr_target,,,,0,,0,JpegStimuliFullRes/21_cough_burn bottles
14,recording_folder_screenshots_2026-08-26,2|3,inferred_from_visible_dataset_and_condition; screenshots_do_not_show_hidden_stimulus_set,d006_set2_it_ic_list1,44,1,6,006_sleep_pluck_tomatoes,sleep_pluck_tomatoes,2,it_ic,intransitive_incohesive,incohesive,intransitive,4,22,3,JpegStimuliFullRes/6_sleep_pluck tomatoes/2/ic_1.jpg,ic_1,JpegStimuliFullRes/6_sleep_pluck tomatoes/2/it_target.jpg,it_target,JpegStimuliFullRes/6_sleep_pluck tomatoes/2/end_ic_it.jpg,end_ic_it,,,,0,,0,JpegStimuliFullRes/6_sleep_pluck tomatoes
15,recording_folder_screenshots_2026-08-26,1|4,inferred_from_visible_dataset_and_condition; screenshots_do_not_show_hidden_stimulus_set,d021_set1_it_coh_list1,161,1,21,021_cough_burn_bottles,cough_burn_bottles,1,it_coh,intransitive_cohesive,cohesive,intransitive,3,81,4,JpegStimuliFullRes/21_cough_burn bottles/1/coh_1.jpg,coh_1,JpegStimuliFullRes/21_cough_burn bottles/1/coh_2.jpg,coh_2,JpegStimuliFullRes/21_cough_burn bottles/1/it_target.jpg,it_target,JpegStimuliFullRes/21_cough_burn bottles/1/end_coh_it.jpg,end_coh_it,,0,,0,JpegStimuliFullRes/21_cough_burn bottles
16,recording_folder_screenshots_2026-08-26,1|4,inferred_from_visible_dataset_and_condition; screenshots_do_not_show_hidden_stimulus_set,d017_set1_it_coh_list1,129,1,17,017_rest_hang_picture,rest_hang_picture,1,it_coh,intransitive_cohesive,cohesive,intransitive,3,65,4,JpegStimuliFullRes/17_rest_hang picture/1/coh_1.jpg,coh_1,JpegStimuliFullRes/17_rest_hang picture/1/coh_2.jpg,coh_2,JpegStimuliFullRes/17_rest_hang picture/1/it_target.jpg,it_target,JpegStimuliFullRes/17_rest_hang picture/1/end_coh_it.jpg,end_coh_it,,0,,0,JpegStimuliFullRes/17_rest_hang picture
17,recording_folder_screenshots_2026-08-26,2|3,inferred_from_visible_dataset_and_condition; screenshots_do_not_show_hidden_stimulus_set,d026_set2_it_ic_list1,204,1,26,026_sleep_drag_log,sleep_drag_log,2,it_ic,intransitive_incohesive,incohesive,intransitive,4,102,3,JpegStimuliFullRes/26_sleep_drag log/2/ic_1.jpg,ic_1,JpegStimuliFullRes/26_sleep_drag log/2/it_target.jpg,it_target,JpegStimuliFullRes/26_sleep_drag log/2/end_ic_it.jpg,end_ic_it,,,,0,,0,JpegStimuliFullRes/26_sleep_drag log
18,recording_folder_screenshots_2026-08-26,1|4,inferred_from_visible_dataset_and_condition; screenshots_do_not_show_hidden_stimulus_set,d004_set1_it_coh_list1,25,1,4,004_run_drink_tea,run_drink_tea,1,it_coh,intransitive_cohesive,cohesive,intransitive,3,13,4,JpegStimuliFullRes/4_run_drink tea/1/coh_1.jpg,coh_1,JpegStimuliFullRes/4_run_drink tea/1/coh_2.jpg,coh_2,JpegStimuliFullRes/4_run_drink tea/1/it_target.jpg,it_target,JpegStimuliFullRes/4_run_drink tea/1/end_coh_it.jpg,end_coh_it,,0,,0,JpegStimuliFullRes/4_run_drink tea
19,recording_folder_screenshots_2026-08-26,1|4,inferred_from_visible_dataset_and_condition; screenshots_do_not_show_hidden_stimulus_set,d002_set1_it_coh_list1,9,1,2,002_stand_weave_basket,stand_weave_basket,1,it_coh,intransitive_cohesive,cohesive,intransitive,3,5,4,JpegStimuliFullRes/2_stand_weave basket/1/coh_1.jpg,coh_1,JpegStimuliFullRes/2_stand_weave basket/1/coh_2.jpg,coh_2,JpegStimuliFullRes/2_stand_weave basket/1/it_target.jpg,it_target,JpegStimuliFullRes/2_stand_weave basket/1/end_coh_it.jpg,end_coh_it,,0,,0,JpegStimuliFullRes/2_stand_weave basket
20,recording_folder_screenshots_2026-08-26,1|4,inferred_from_visible_dataset_and_condition; screenshots_do_not_show_hidden_stimulus_set,d019_set1_tr_ic_list1,146,1,19,019_sit_crack_egg,sit_crack_egg,1,tr_ic,transitive_incohesive,incohesive,transitive,2,73,3,JpegStimuliFullRes/19_sit_crack egg/1/ic_1.jpg,ic_1,JpegStimuliFullRes/19_sit_crack egg/1/tr_target.jpg,tr_target,JpegStimuliFullRes/19_sit_crack egg/1/end_ic_tr.jpg,end_ic_tr,,,,0,,0,JpegStimuliFullRes/19_sit_crack egg
21,recording_folder_screenshots_2026-08-26,1|4,inferred_from_visible_dataset_and_condition; screenshots_do_not_show_hidden_stimulus_set,d025_set1_it_coh_list1,193,1,25,025_yawn_lock_door,yawn_lock_door,1,it_coh,intransitive_cohesive,cohesive,intransitive,3,97,4,JpegStimuliFullRes/25_yawn_lock door/1/coh_1.jpg,coh_1,JpegStimuliFullRes/25_yawn_lock door/1/coh_2.jpg,coh_2,JpegStimuliFullRes/25_yawn_lock door/1/it_target.jpg,it_target,JpegStimuliFullRes/25_yawn_lock door/1/end_coh_it.jpg,end_coh_it,,0,,0,JpegStimuliFullRes/25_yawn_lock door
22,recording_folder_screenshots_2026-08-26,1|4,inferred_from_visible_dataset_and_condition; screenshots_do_not_show_hidden_stimulus_set,d007_set1_tr_ic_list1,50,1,7,007_sit_make_fire,sit_make_fire,1,tr_ic,transitive_incohesive,incohesive,transitive,2,25,3,JpegStimuliFullRes/7_sit_make fire/1/ic_1.jpg,ic_1,JpegStimuliFullRes/7_sit_make fire/1/tr_target.jpg,tr_target,JpegStimuliFullRes/7_sit_make fire/1/end_ic_tr.jpg,end_ic_tr,,,,0,,0,JpegStimuliFullRes/7_sit_make fire
23,recording_folder_screenshots_2026-08-26,2|3,inferred_from_visible_dataset_and_condition; screenshots_do_not_show_hidden_stimulus_set,d030_set2_it_ic_list1,236,1,30,030_smile_make_momos,smile_make_momos,2,it_ic,intransitive_incohesive,incohesive,intransitive,4,118,3,JpegStimuliFullRes/30_smile_make momos/2/ic_1.jpg,ic_1,JpegStimuliFullRes/30_smile_make momos/2/it_target.jpg,it_target,JpegStimuliFullRes/30_smile_make momos/2/end_ic_it.jpg,end_ic_it,,,,0,,0,JpegStimuliFullRes/30_smile_make momos
24,recording_folder_screenshots_2026-08-26,1|4,inferred_from_visible_dataset_and_condition; screenshots_do_not_show_hidden_stimulus_set,d025_set1_tr_ic_list1,194,1,25,025_yawn_lock_door,yawn_lock_door,1,tr_ic,transitive_incohesive,incohesive,transitive,2,97,3,JpegStimuliFullRes/25_yawn_lock door/1/ic_1.jpg,ic_1,JpegStimuliFullRes/25_yawn_lock door/1/tr_target.jpg,tr_target,JpegStimuliFullRes/25_yawn_lock door/1/end_ic_tr.jpg,end_ic_tr,,,,0,,0,JpegStimuliFullRes/25_yawn_lock door
25,recording_folder_screenshots_2026-08-26,2|3,inferred_from_visible_dataset_and_condition; screenshots_do_not_show_hidden_stimulus_set,d004_set2_tr_coh_list1,27,1,4,004_run_drink_tea,run_drink_tea,2,tr_coh,transitive_cohesive,cohesive,transitive,1,14,3,JpegStimuliFullRes/4_run_drink tea/2/coh_1.jpg,coh_1,JpegStimuliFullRes/4_run_drink tea/2/coh_2.jpg,coh_2,JpegStimuliFullRes/4_run_drink tea/2/tr_target.jpg,tr_target,,,,0,,0,JpegStimuliFullRes/4_run_drink tea
26,recording_folder_screenshots_2026-08-26,2|3,inferred_from_visible_dataset_and_condition; screenshots_do_not_show_hidden_stimulus_set,d023_set2_it_ic_list1,180,1,23,023_stand_tear_paper,stand_tear_paper,2,it_ic,intransitive_incohesive,incohesive,intransitive,4,90,3,JpegStimuliFullRes/23_stand_tear paper/2/ic_1.jpg,ic_1,JpegStimuliFullRes/23_stand_tear paper/2/it_target.jpg,it_target,JpegStimuliFullRes/23_stand_tear paper/2/end_ic_it.jpg,end_ic_it,,,,0,,0,JpegStimuliFullRes/23_stand_tear paper
27,recording_folder_screenshots_2026-08-26,1|4,inferred_from_visible_dataset_and_condition; screenshots_do_not_show_hidden_stimulus_set,d011_set1_it_coh_list1,81,1,11,011_ascend_wipe_plate,ascend_wipe_plate,1,it_coh,intransitive_cohesive,cohesive,intransitive,3,41,4,JpegStimuliFullRes/11_ascend_wipe plate/1/coh_1.jpg,coh_1,JpegStimuliFullRes/11_ascend_wipe plate/1/coh_2.jpg,coh_2,JpegStimuliFullRes/11_ascend_wipe plate/1/it_target.jpg,it_target,JpegStimuliFullRes/11_ascend_wipe plate/1/end_coh_it.jpg,end_coh_it,,0,,0,JpegStimuliFullRes/11_ascend_wipe plate
28,recording_folder_screenshots_2026-08-26,2|3,inferred_from_visible_dataset_and_condition; screenshots_do_not_show_hidden_stimulus_set,d014_set2_it_ic_list1,108,1,14,014_ascend_weave_raincoat,ascend_weave_raincoat,2,it_ic,intransitive_incohesive,incohesive,intransitive,4,54,3,JpegStimuliFullRes/14_ascend_weave raincoat/2/ic_1.jpg,ic_1,JpegStimuliFullRes/14_ascend_weave raincoat/2/it_target.jpg,it_target,JpegStimuliFullRes/14_ascend_weave raincoat/2/end_ic_it.jpg,end_ic_it,,,,0,,0,JpegStimuliFullRes/14_ascend_weave raincoat
29,recording_folder_screenshots_2026-08-26,1|4,inferred_from_visible_dataset_and_condition; screenshots_do_not_show_hidden_stimulus_set,d024_set1_it_coh_list1,185,1,24,024_descend_paint_bench,descend_paint_bench,1,it_coh,intransitive_cohesive,cohesive,intransitive,3,93,4,JpegStimuliFullRes/24_descend_paint bench/1/coh_1.jpg,coh_1,JpegStimuliFullRes/24_descend_paint bench/1/coh_2.jpg,coh_2,JpegStimuliFullRes/24_descend_paint bench/1/it_target.jpg,it_target,JpegStimuliFullRes/24_descend_paint bench/1/end_coh_it.jpg,end_coh_it,,0,,0,JpegStimuliFullRes/24_descend_paint bench
30,recording_folder_screenshots_2026-08-26,2|3,inferred_from_visible_dataset_and_condition; screenshots_do_not_show_hidden_stimulus_set,d010_set2_it_ic_list1,76,1,10,010_run_cook_pancakes,run_cook_pancakes,2,it_ic,intransitive_incohesive,incohesive,intransitive,4,38,3,JpegStimuliFullRes/10_run_cook pancakes/2/ic_1.jpg,ic_1,JpegStimuliFullRes/10_run_cook pancakes/2/it_target.jpg,it_target,JpegStimuliFullRes/10_run_cook pancakes/2/end_ic_it.jpg,end_ic_it,,,,0,,0,JpegStimuliFullRes/10_run_cook pancakes
31,recording_folder_screenshots_2026-08-26,2|3,inferred_from_visible_dataset_and_condition; screenshots_do_not_show_hidden_stimulus_set,d012_set2_it_ic_list1,92,1,12,012_come_eat_rice,come_eat_rice,2,it_ic,intransitive_incohesive,incohesive,intransitive,4,46,3,JpegStimuliFullRes/12_come_eat rice/2/ic_1.jpg,ic_1,JpegStimuliFullRes/12_come_eat rice/2/it_target.jpg,it_target,JpegStimuliFullRes/12_come_eat rice/2/end_ic_it.jpg,end_ic_it,,,,0,,0,JpegStimuliFullRes/12_come_eat rice
32,recording_folder_screenshots_2026-08-26,1|4,inferred_from_visible_dataset_and_condition; screenshots_do_not_show_hidden_stimulus_set,d006_set1_it_coh_list1,41,1,6,006_sleep_pluck_tomatoes,sleep_pluck_tomatoes,1,it_coh,intransitive_cohesive,cohesive,intransitive,3,21,4,JpegStimuliFullRes/6_sleep_pluck tomatoes/1/coh_1.jpg,coh_1,JpegStimuliFullRes/6_sleep_pluck tomatoes/1/coh_2.jpg,coh_2,JpegStimuliFullRes/6_sleep_pluck tomatoes/1/it_target.jpg,it_target,JpegStimuliFullRes/6_sleep_pluck tomatoes/1/end_coh_it.jpg,end_coh_it,,0,,0,JpegStimuliFullRes/6_sleep_pluck tomatoes
33,recording_folder_screenshots_2026-08-26,1|4,inferred_from_visible_dataset_and_condition; screenshots_do_not_show_hidden_stimulus_set,d023_set1_tr_ic_list1,178,1,23,023_stand_tear_paper,stand_tear_paper,1,tr_ic,transitive_incohesive,incohesive,transitive,2,89,3,JpegStimuliFullRes/23_stand_tear paper/1/ic_1.jpg,ic_1,JpegStimuliFullRes/23_stand_tear paper/1/tr_target.jpg,tr_target,JpegStimuliFullRes/23_stand_tear paper/1/end_ic_tr.jpg,end_ic_tr,,,,0,,0,JpegStimuliFullRes/23_stand_tear paper
34,recording_folder_screenshots_2026-08-26,1|4,inferred_from_visible_dataset_and_condition; screenshots_do_not_show_hidden_stimulus_set,d026_set4_tr_ic_list1,208,1,26,026_sleep_drag_log,sleep_drag_log,4,tr_ic,transitive_incohesive,incohesive,transitive,2,104,3,JpegStimuliFullRes/26_sleep_drag log/4/ic_1.jpg,ic_1,JpegStimuliFullRes/26_sleep_drag log/4/tr_target.jpg,tr_target,JpegStimuliFullRes/26_sleep_drag log/4/end_ic_tr.jpg,end_ic_tr,,,,0,,0,JpegStimuliFullRes/26_sleep_drag log
35,recording_folder_screenshots_2026-08-26,2|3,inferred_from_visible_dataset_and_condition; screenshots_do_not_show_hidden_stimulus_set,d014_set3_it_ic_list1,110,1,14,014_ascend_weave_raincoat,ascend_weave_raincoat,3,it_ic,intransitive_incohesive,incohesive,intransitive,4,55,3,JpegStimuliFullRes/14_ascend_weave raincoat/3/ic_1.jpg,ic_1,JpegStimuliFullRes/14_ascend_weave raincoat/3/it_target.jpg,it_target,JpegStimuliFullRes/14_ascend_weave raincoat/3/end_ic_it.jpg,end_ic_it,,,,0,,0,JpegStimuliFullRes/14_ascend_weave raincoat
36,recording_folder_screenshots_2026-08-26,2|3,inferred_from_visible_dataset_and_condition; screenshots_do_not_show_hidden_stimulus_set,d023_set2_tr_coh_list1,179,1,23,023_stand_tear_paper,stand_tear_paper,2,tr_coh,transitive_cohesive,cohesive,transitive,1,90,3,JpegStimuliFullRes/23_stand_tear paper/2/coh_1.jpg,coh_1,JpegStimuliFullRes/23_stand_tear paper/2/coh_2.jpg,coh_2,JpegStimuliFullRes/23_stand_tear paper/2/tr_target.jpg,tr_target,,,,0,,0,JpegStimuliFullRes/23_stand_tear paper
37,recording_folder_screenshots_2026-08-26,2|3,inferred_from_visible_dataset_and_condition; screenshots_do_not_show_hidden_stimulus_set,d002_set2_it_ic_list1,12,1,2,002_stand_weave_basket,stand_weave_basket,2,it_ic,intransitive_incohesive,incohesive,intransitive,4,6,3,JpegStimuliFullRes/2_stand_weave basket/2/ic_1.jpg,ic_1,JpegStimuliFullRes/2_stand_weave basket/2/it_target.jpg,it_target,JpegStimuliFullRes/2_stand_weave basket/2/end_ic_it.jpg,end_ic_it,,,,0,,0,JpegStimuliFullRes/2_stand_weave basket
38,recording_folder_screenshots_2026-08-26,1|4,inferred_from_visible_dataset_and_condition; screenshots_do_not_show_hidden_stimulus_set,d001_set1_tr_ic_list1,2,1,1,001_cough_throw_bones,cough_throw_bones,1,tr_ic,transitive_incohesive,incohesive,transitive,2,1,3,JpegStimuliFullRes/1_cough_throw bones/1/ic_1.jpg,ic_1,JpegStimuliFullRes/1_cough_throw bones/1/tr_target.jpg,tr_target,JpegStimuliFullRes/1_cough_throw bones/1/end_ic_tr.jpg,end_ic_tr,,,,0,,0,JpegStimuliFullRes/1_cough_throw bones
39,recording_folder_screenshots_2026-08-26,1|4,inferred_from_visible_dataset_and_condition; screenshots_do_not_show_hidden_stimulus_set,d018_set1_tr_ic_list1,138,1,18,018_yawn_put_on_cap,yawn_put_on_cap,1,tr_ic,transitive_incohesive,incohesive,transitive,2,69,3,JpegStimuliFullRes/18_yawn_put on cap/1/ic_1.jpg,ic_1,JpegStimuliFullRes/18_yawn_put on cap/1/tr_target.jpg,tr_target,JpegStimuliFullRes/18_yawn_put on cap/1/end_ic_tr.jpg,end_ic_tr,,,,0,,0,JpegStimuliFullRes/18_yawn_put on cap
40,recording_folder_screenshots_2026-08-26,1|4,inferred_from_visible_dataset_and_condition; screenshots_do_not_show_hidden_stimulus_set,d022_set1_tr_ic_list1,170,1,22,022_come_push_chest,come_push_chest,1,tr_ic,transitive_incohesive,incohesive,transitive,2,85,3,JpegStimuliFullRes/22_come_push chest/1/ic_1.jpg,ic_1,JpegStimuliFullRes/22_come_push chest/1/tr_target.jpg,tr_target,JpegStimuliFullRes/22_come_push chest/1/end_ic_tr.jpg,end_ic_tr,,,,0,,0,JpegStimuliFullRes/22_come_push chest
41,recording_folder_screenshots_2026-08-26,1|4,inferred_from_visible_dataset_and_condition; screenshots_do_not_show_hidden_stimulus_set,d024_set1_tr_ic_list1,186,1,24,024_descend_paint_bench,descend_paint_bench,1,tr_ic,transitive_incohesive,incohesive,transitive,2,93,3,JpegStimuliFullRes/24_descend_paint bench/1/ic_1.jpg,ic_1,JpegStimuliFullRes/24_descend_paint bench/1/tr_target.jpg,tr_target,JpegStimuliFullRes/24_descend_paint bench/1/end_ic_tr.jpg,end_ic_tr,,,,0,,0,JpegStimuliFullRes/24_descend_paint bench
42,recording_folder_screenshots_2026-08-26,1|4,inferred_from_visible_dataset_and_condition; screenshots_do_not_show_hidden_stimulus_set,d010_set1_tr_ic_list1,74,1,10,010_run_cook_pancakes,run_cook_pancakes,1,tr_ic,transitive_incohesive,incohesive,transitive,2,37,3,JpegStimuliFullRes/10_run_cook pancakes/1/ic_1.jpg,ic_1,JpegStimuliFullRes/10_run_cook pancakes/1/tr_target.jpg,tr_target,JpegStimuliFullRes/10_run_cook pancakes/1/end_ic_tr.jpg,end_ic_tr,,,,0,,0,JpegStimuliFullRes/10_run_cook pancakes
43,recording_folder_screenshots_2026-08-26,1|4,inferred_from_visible_dataset_and_condition; screenshots_do_not_show_hidden_stimulus_set,d014_set1_it_coh_list1,105,1,14,014_ascend_weave_raincoat,ascend_weave_raincoat,1,it_coh,intransitive_cohesive,cohesive,intransitive,3,53,4,JpegStimuliFullRes/14_ascend_weave raincoat/1/coh_1.jpg,coh_1,JpegStimuliFullRes/14_ascend_weave raincoat/1/coh_2.jpg,coh_2,JpegStimuliFullRes/14_ascend_weave raincoat/1/it_target.jpg,it_target,JpegStimuliFullRes/14_ascend_weave raincoat/1/end_coh_it.jpg,end_coh_it,,0,,0,JpegStimuliFullRes/14_ascend_weave raincoat
44,recording_folder_screenshots_2026-08-26,1|4,inferred_from_visible_dataset_and_condition; screenshots_do_not_show_hidden_stimulus_set,d019_set1_it_coh_list1,145,1,19,019_sit_crack_egg,sit_crack_egg,1,it_coh,intransitive_cohesive,cohesive,intransitive,3,73,4,JpegStimuliFullRes/19_sit_crack egg/1/coh_1.jpg,coh_1,JpegStimuliFullRes/19_sit_crack egg/1/coh_2.jpg,coh_2,JpegStimuliFullRes/19_sit_crack egg/1/it_target.jpg,it_target,JpegStimuliFullRes/19_sit_crack egg/1/end_coh_it.jpg,end_coh_it,,0,,0,JpegStimuliFullRes/19_sit_crack egg
45,recording_folder_screenshots_2026-08-26,2|3,inferred_from_visible_dataset_and_condition; screenshots_do_not_show_hidden_stimulus_set,d017_set2_tr_coh_list1,131,1,17,017_rest_hang_picture,rest_hang_picture,2,tr_coh,transitive_cohesive,cohesive,transitive,1,66,3,JpegStimuliFullRes/17_rest_hang picture/2/coh_1.jpg,coh_1,JpegStimuliFullRes/17_rest_hang picture/2/coh_2.jpg,coh_2,JpegStimuliFullRes/17_rest_hang picture/2/tr_target.jpg,tr_target,,,,0,,0,JpegStimuliFullRes/17_rest_hang picture
46,recording_folder_screenshots_2026-08-26,1|4,inferred_from_visible_dataset_and_condition; screenshots_do_not_show_hidden_stimulus_set,d015_set1_tr_ic_list1,114,1,15,015_smile_clean_wall,smile_clean_wall,1,tr_ic,transitive_incohesive,incohesive,transitive,2,57,3,JpegStimuliFullRes/15_smile_clean wall/1/ic_1.jpg,ic_1,JpegStimuliFullRes/15_smile_clean wall/1/tr_target.jpg,tr_target,JpegStimuliFullRes/15_smile_clean wall/1/end_ic_tr.jpg,end_ic_tr,,,,0,,0,JpegStimuliFullRes/15_smile_clean wall
47,recording_folder_screenshots_2026-08-26,1|4,inferred_from_visible_dataset_and_condition; screenshots_do_not_show_hidden_stimulus_set,d007_set1_it_coh_list1,49,1,7,007_sit_make_fire,sit_make_fire,1,it_coh,intransitive_cohesive,cohesive,intransitive,3,25,4,JpegStimuliFullRes/7_sit_make fire/1/coh_1.jpg,coh_1,JpegStimuliFullRes/7_sit_make fire/1/coh_2.jpg,coh_2,JpegStimuliFullRes/7_sit_make fire/1/it_target.jpg,it_target,JpegStimuliFullRes/7_sit_make fire/1/end_coh_it.jpg,end_coh_it,,0,,0,JpegStimuliFullRes/7_sit_make fire
48,recording_folder_screenshots_2026-08-26,1|4,inferred_from_visible_dataset_and_condition; screenshots_do_not_show_hidden_stimulus_set,d003_set1_tr_ic_list1,18,1,3,003_rest_cook_fish,rest_cook_fish,1,tr_ic,transitive_incohesive,incohesive,transitive,2,9,3,JpegStimuliFullRes/3_rest_cook fish/1/ic_1.jpg,ic_1,JpegStimuliFullRes/3_rest_cook fish/1/tr_target.jpg,tr_target,JpegStimuliFullRes/3_rest_cook fish/1/end_ic_tr.jpg,end_ic_tr,,,,0,,0,JpegStimuliFullRes/3_rest_cook fish
49,recording_folder_screenshots_2026-08-26,1|4,inferred_from_visible_dataset_and_condition; screenshots_do_not_show_hidden_stimulus_set,d022_set1_it_coh_list1,169,1,22,022_come_push_chest,come_push_chest,1,it_coh,intransitive_cohesive,cohesive,intransitive,3,85,4,JpegStimuliFullRes/22_come_push chest/1/coh_1.jpg,coh_1,JpegStimuliFullRes/22_come_push chest/1/coh_2.jpg,coh_2,JpegStimuliFullRes/22_come_push chest/1/it_target.jpg,it_target,JpegStimuliFullRes/22_come_push chest/1/end_coh_it.jpg,end_coh_it,,0,,0,JpegStimuliFullRes/22_come_push chest
50,recording_folder_screenshots_2026-08-26,1|4,inferred_from_visible_dataset_and_condition; screenshots_do_not_show_hidden_stimulus_set,d003_set1_it_coh_list1,17,1,3,003_rest_cook_fish,rest_cook_fish,1,it_coh,intransitive_cohesive,cohesive,intransitive,3,9,4,JpegStimuliFullRes/3_rest_cook fish/1/coh_1.jpg,coh_1,JpegStimuliFullRes/3_rest_cook fish/1/coh_2.jpg,coh_2,JpegStimuliFullRes/3_rest_cook fish/1/it_target.jpg,it_target,JpegStimuliFullRes/3_rest_cook fish/1/end_coh_it.jpg,end_coh_it,,0,,0,JpegStimuliFullRes/3_rest_cook fish
51,recording_folder_screenshots_2026-08-26,1|4,inferred_from_visible_dataset_and_condition; screenshots_do_not_show_hidden_stimulus_set,d015_set4_tr_ic_list1,120,1,15,015_smile_clean_wall,smile_clean_wall,4,tr_ic,transitive_incohesive,incohesive,transitive,2,60,3,JpegStimuliFullRes/15_smile_clean wall/4/ic_1.jpg,ic_1,JpegStimuliFullRes/15_smile_clean wall/4/tr_target.jpg,tr_target,JpegStimuliFullRes/15_smile_clean wall/4/end_ic_tr.jpg,end_ic_tr,,,,0,,0,JpegStimuliFullRes/15_smile_clean wall
52,recording_folder_screenshots_2026-08-26,2|3,inferred_from_visible_dataset_and_condition; screenshots_do_not_show_hidden_stimulus_set,d018_set2_it_ic_list1,140,1,18,018_yawn_put_on_cap,yawn_put_on_cap,2,it_ic,intransitive_incohesive,incohesive,intransitive,4,70,3,JpegStimuliFullRes/18_yawn_put on cap/2/ic_1.jpg,ic_1,JpegStimuliFullRes/18_yawn_put on cap/2/it_target.jpg,it_target,JpegStimuliFullRes/18_yawn_put on cap/2/end_ic_it.jpg,end_ic_it,,,,0,,0,JpegStimuliFullRes/18_yawn_put on cap
53,recording_folder_screenshots_2026-08-26,1|4,inferred_from_visible_dataset_and_condition; screenshots_do_not_show_hidden_stimulus_set,d004_set1_tr_ic_list1,26,1,4,004_run_drink_tea,run_drink_tea,1,tr_ic,transitive_incohesive,incohesive,transitive,2,13,3,JpegStimuliFullRes/4_run_drink tea/1/ic_1.jpg,ic_1,JpegStimuliFullRes/4_run_drink tea/1/tr_target.jpg,tr_target,JpegStimuliFullRes/4_run_drink tea/1/end_ic_tr.jpg,end_ic_tr,,,,0,,0,JpegStimuliFullRes/4_run_drink tea
54,recording_folder_screenshots_2026-08-26,2|3,inferred_from_visible_dataset_and_condition; screenshots_do_not_show_hidden_stimulus_set,d030_set3_it_ic_list1,238,1,30,030_smile_make_momos,smile_make_momos,3,it_ic,intransitive_incohesive,incohesive,intransitive,4,119,3,JpegStimuliFullRes/30_smile_make momos/3/ic_1.jpg,ic_1,JpegStimuliFullRes/30_smile_make momos/3/it_target.jpg,it_target,JpegStimuliFullRes/30_smile_make momos/3/end_ic_it.jpg,end_ic_it,,,,0,,0,JpegStimuliFullRes/30_smile_make momos
55,recording_folder_screenshots_2026-08-26,1|4,inferred_from_visible_dataset_and_condition; screenshots_do_not_show_hidden_stimulus_set,d026_set1_it_coh_list1,201,1,26,026_sleep_drag_log,sleep_drag_log,1,it_coh,intransitive_cohesive,cohesive,intransitive,3,101,4,JpegStimuliFullRes/26_sleep_drag log/1/coh_1.jpg,coh_1,JpegStimuliFullRes/26_sleep_drag log/1/coh_2.jpg,coh_2,JpegStimuliFullRes/26_sleep_drag log/1/it_target.jpg,it_target,JpegStimuliFullRes/26_sleep_drag log/1/end_coh_it.jpg,end_coh_it,,0,,0,JpegStimuliFullRes/26_sleep_drag log
56,recording_folder_screenshots_2026-08-26,2|3,inferred_from_visible_dataset_and_condition; screenshots_do_not_show_hidden_stimulus_set,d011_set2_tr_coh_list1,83,1,11,011_ascend_wipe_plate,ascend_wipe_plate,2,tr_coh,transitive_cohesive,cohesive,transitive,1,42,3,JpegStimuliFullRes/11_ascend_wipe plate/2/coh_1.jpg,coh_1,JpegStimuliFullRes/11_ascend_wipe plate/2/coh_2.jpg,coh_2,JpegStimuliFullRes/11_ascend_wipe plate/2/tr_target.jpg,tr_target,,,,0,,0,JpegStimuliFullRes/11_ascend_wipe plate
57,recording_folder_screenshots_2026-08-26,2|3,inferred_from_visible_dataset_and_condition; screenshots_do_not_show_hidden_stimulus_set,d029_set2_tr_coh_list1,227,1,29,029_sit_cut_potato,sit_cut_potato,2,tr_coh,transitive_cohesive,cohesive,transitive,1,114,3,JpegStimuliFullRes/29_sit_cut potato/2/coh_1.jpg,coh_1,JpegStimuliFullRes/29_sit_cut potato/2/coh_2.jpg,coh_2,JpegStimuliFullRes/29_sit_cut potato/2/tr_target.jpg,tr_target,,,,0,,0,JpegStimuliFullRes/29_sit_cut potato
58,recording_folder_screenshots_2026-08-26,2|3,inferred_from_visible_dataset_and_condition; screenshots_do_not_show_hidden_stimulus_set,d029_set3_tr_coh_list1,229,1,29,029_sit_cut_potato,sit_cut_potato,3,tr_coh,transitive_cohesive,cohesive,transitive,1,115,3,JpegStimuliFullRes/29_sit_cut potato/3/coh_1.jpg,coh_1,JpegStimuliFullRes/29_sit_cut potato/3/coh_2.jpg,coh_2,JpegStimuliFullRes/29_sit_cut potato/3/tr_target.jpg,tr_target,,,,0,,0,JpegStimuliFullRes/29_sit_cut potato
59,recording_folder_screenshots_2026-08-26,2|3,inferred_from_visible_dataset_and_condition; screenshots_do_not_show_hidden_stimulus_set,d013_set2_tr_coh_list1,99,1,13,013_stand_wash_clothes,stand_wash_clothes,2,tr_coh,transitive_cohesive,cohesive,transitive,1,50,3,JpegStimuliFullRes/13_stand_wash clothes/2/coh_1.jpg,coh_1,JpegStimuliFullRes/13_stand_wash clothes/2/coh_2.jpg,coh_2,JpegStimuliFullRes/13_stand_wash clothes/2/tr_target.jpg,tr_target,,,,0,,0,JpegStimuliFullRes/13_stand_wash clothes
60,recording_folder_screenshots_2026-08-26,1|4,inferred_from_visible_dataset_and_condition; screenshots_do_not_show_hidden_stimulus_set,d022_set4_tr_ic_list1,176,1,22,022_come_push_chest,come_push_chest,4,tr_ic,transitive_incohesive,incohesive,transitive,2,88,3,JpegStimuliFullRes/22_come_push chest/4/ic_1.jpg,ic_1,JpegStimuliFullRes/22_come_push chest/4/tr_target.jpg,tr_target,JpegStimuliFullRes/22_come_push chest/4/end_ic_tr.jpg,end_ic_tr,,,,0,,0,JpegStimuliFullRes/22_come_push chest
61,recording_folder_screenshots_2026-08-26,1|4,inferred_from_visible_dataset_and_condition; screenshots_do_not_show_hidden_stimulus_set,d018_set1_it_coh_list1,137,1,18,018_yawn_put_on_cap,yawn_put_on_cap,1,it_coh,intransitive_cohesive,cohesive,intransitive,3,69,4,JpegStimuliFullRes/18_yawn_put on cap/1/coh_1.jpg,coh_1,JpegStimuliFullRes/18_yawn_put on cap/1/coh_2.jpg,coh_2,JpegStimuliFullRes/18_yawn_put on cap/1/it_target.jpg,it_target,JpegStimuliFullRes/18_yawn_put on cap/1/end_coh_it.jpg,end_coh_it,,0,,0,JpegStimuliFullRes/18_yawn_put on cap
62,recording_folder_screenshots_2026-08-26,1|4,inferred_from_visible_dataset_and_condition; screenshots_do_not_show_hidden_stimulus_set,d028_set1_it_coh_list1,217,1,28,028_jump_peel_orange,jump_peel_orange,1,it_coh,intransitive_cohesive,cohesive,intransitive,3,109,4,JpegStimuliFullRes/28_jump_peel orange/1/coh_1.jpg,coh_1,JpegStimuliFullRes/28_jump_peel orange/1/coh_2.jpg,coh_2,JpegStimuliFullRes/28_jump_peel orange/1/it_target.jpg,it_target,JpegStimuliFullRes/28_jump_peel orange/1/end_coh_it.jpg,end_coh_it,,0,,0,JpegStimuliFullRes/28_jump_peel orange
63,recording_folder_screenshots_2026-08-26,1|4,inferred_from_visible_dataset_and_condition; screenshots_do_not_show_hidden_stimulus_set,d010_set1_it_coh_list1,73,1,10,010_run_cook_pancakes,run_cook_pancakes,1,it_coh,intransitive_cohesive,cohesive,intransitive,3,37,4,JpegStimuliFullRes/10_run_cook pancakes/1/coh_1.jpg,coh_1,JpegStimuliFullRes/10_run_cook pancakes/1/coh_2.jpg,coh_2,JpegStimuliFullRes/10_run_cook pancakes/1/it_target.jpg,it_target,JpegStimuliFullRes/10_run_cook pancakes/1/end_coh_it.jpg,end_coh_it,,0,,0,JpegStimuliFullRes/10_run_cook pancakes
64,recording_folder_screenshots_2026-08-26,2|3,inferred_from_visible_dataset_and_condition; screenshots_do_not_show_hidden_stimulus_set,d015_set2_it_ic_list1,116,1,15,015_smile_clean_wall,smile_clean_wall,2,it_ic,intransitive_incohesive,incohesive,intransitive,4,58,3,JpegStimuliFullRes/15_smile_clean wall/2/ic_1.jpg,ic_1,JpegStimuliFullRes/15_smile_clean wall/2/it_target.jpg,it_target,JpegStimuliFullRes/15_smile_clean wall/2/end_ic_it.jpg,end_ic_it,,,,0,,0,JpegStimuliFullRes/15_smile_clean wall
65,recording_folder_screenshots_2026-08-26,1|4,inferred_from_visible_dataset_and_condition; screenshots_do_not_show_hidden_stimulus_set,d008_set1_it_coh_list1,57,1,8,008_smile_weave_garland,smile_weave_garland,1,it_coh,intransitive_cohesive,cohesive,intransitive,3,29,4,JpegStimuliFullRes/8_smile_weave garland/1/coh_1.jpg,coh_1,JpegStimuliFullRes/8_smile_weave garland/1/coh_2.jpg,coh_2,JpegStimuliFullRes/8_smile_weave garland/1/it_target.jpg,it_target,JpegStimuliFullRes/8_smile_weave garland/1/end_coh_it.jpg,end_coh_it,,0,,0,JpegStimuliFullRes/8_smile_weave garland
66,recording_folder_screenshots_2026-08-26,1|4,inferred_from_visible_dataset_and_condition; screenshots_do_not_show_hidden_stimulus_set,d016_set1_tr_ic_list1,122,1,16,016_sleep_wash_dish,sleep_wash_dish,1,tr_ic,transitive_incohesive,incohesive,transitive,2,61,3,JpegStimuliFullRes/16_sleep_wash dish/1/ic_1.jpg,ic_1,JpegStimuliFullRes/16_sleep_wash dish/1/tr_target.jpg,tr_target,JpegStimuliFullRes/16_sleep_wash dish/1/end_ic_tr.jpg,end_ic_tr,,,,0,,0,JpegStimuliFullRes/16_sleep_wash dish
67,recording_folder_screenshots_2026-08-26,2|3,inferred_from_visible_dataset_and_condition; screenshots_do_not_show_hidden_stimulus_set,d011_set3_tr_coh_list1,85,1,11,011_ascend_wipe_plate,ascend_wipe_plate,3,tr_coh,transitive_cohesive,cohesive,transitive,1,43,3,JpegStimuliFullRes/11_ascend_wipe plate/3/coh_1.jpg,coh_1,JpegStimuliFullRes/11_ascend_wipe plate/3/coh_2.jpg,coh_2,JpegStimuliFullRes/11_ascend_wipe plate/3/tr_target.jpg,tr_target,,,,0,,0,JpegStimuliFullRes/11_ascend_wipe plate
68,recording_folder_screenshots_2026-08-26,1|4,inferred_from_visible_dataset_and_condition; screenshots_do_not_show_hidden_stimulus_set,d029_set1_it_coh_list1,225,1,29,029_sit_cut_potato,sit_cut_potato,1,it_coh,intransitive_cohesive,cohesive,intransitive,3,113,4,JpegStimuliFullRes/29_sit_cut potato/1/coh_1.jpg,coh_1,JpegStimuliFullRes/29_sit_cut potato/1/coh_2.jpg,coh_2,JpegStimuliFullRes/29_sit_cut potato/1/it_target.jpg,it_target,JpegStimuliFullRes/29_sit_cut potato/1/end_coh_it.jpg,end_coh_it,,0,,0,JpegStimuliFullRes/29_sit_cut potato
69,recording_folder_screenshots_2026-08-26,1|4,inferred_from_visible_dataset_and_condition; screenshots_do_not_show_hidden_stimulus_set,d023_set1_it_coh_list1,177,1,23,023_stand_tear_paper,stand_tear_paper,1,it_coh,intransitive_cohesive,cohesive,intransitive,3,89,4,JpegStimuliFullRes/23_stand_tear paper/1/coh_1.jpg,coh_1,JpegStimuliFullRes/23_stand_tear paper/1/coh_2.jpg,coh_2,JpegStimuliFullRes/23_stand_tear paper/1/it_target.jpg,it_target,JpegStimuliFullRes/23_stand_tear paper/1/end_coh_it.jpg,end_coh_it,,0,,0,JpegStimuliFullRes/23_stand_tear paper
70,recording_folder_screenshots_2026-08-26,2|3,inferred_from_visible_dataset_and_condition; screenshots_do_not_show_hidden_stimulus_set,d025_set2_it_ic_list1,196,1,25,025_yawn_lock_door,yawn_lock_door,2,it_ic,intransitive_incohesive,incohesive,intransitive,4,98,3,JpegStimuliFullRes/25_yawn_lock door/2/ic_1.jpg,ic_1,JpegStimuliFullRes/25_yawn_lock door/2/it_target.jpg,it_target,JpegStimuliFullRes/25_yawn_lock door/2/end_ic_it.jpg,end_ic_it,,,,0,,0,JpegStimuliFullRes/25_yawn_lock door
71,recording_folder_screenshots_2026-08-26,2|3,inferred_from_visible_dataset_and_condition; screenshots_do_not_show_hidden_stimulus_set,d014_set2_tr_coh_list1,107,1,14,014_ascend_weave_raincoat,ascend_weave_raincoat,2,tr_coh,transitive_cohesive,cohesive,transitive,1,54,3,JpegStimuliFullRes/14_ascend_weave raincoat/2/coh_1.jpg,coh_1,JpegStimuliFullRes/14_ascend_weave raincoat/2/coh_2.jpg,coh_2,JpegStimuliFullRes/14_ascend_weave raincoat/2/tr_target.jpg,tr_target,,,,0,,0,JpegStimuliFullRes/14_ascend_weave raincoat
72,recording_folder_screenshots_2026-08-26,1|4,inferred_from_visible_dataset_and_condition; screenshots_do_not_show_hidden_stimulus_set,d005_set1_tr_ic_list1,34,1,5,005_rest_build_wall,rest_build_wall,1,tr_ic,transitive_incohesive,incohesive,transitive,2,17,3,JpegStimuliFullRes/5_rest_build wall/1/ic_1.jpg,ic_1,JpegStimuliFullRes/5_rest_build wall/1/tr_target.jpg,tr_target,JpegStimuliFullRes/5_rest_build wall/1/end_ic_tr.jpg,end_ic_tr,,,,0,,0,JpegStimuliFullRes/5_rest_build wall
73,recording_folder_screenshots_2026-08-26,1|4,inferred_from_visible_dataset_and_condition; screenshots_do_not_show_hidden_stimulus_set,d021_set1_tr_ic_list1,162,1,21,021_cough_burn_bottles,cough_burn_bottles,1,tr_ic,transitive_incohesive,incohesive,transitive,2,81,3,JpegStimuliFullRes/21_cough_burn bottles/1/ic_1.jpg,ic_1,JpegStimuliFullRes/21_cough_burn bottles/1/tr_target.jpg,tr_target,JpegStimuliFullRes/21_cough_burn bottles/1/end_ic_tr.jpg,end_ic_tr,,,,0,,0,JpegStimuliFullRes/21_cough_burn bottles
74,recording_folder_screenshots_2026-08-26,2|3,inferred_from_visible_dataset_and_condition; screenshots_do_not_show_hidden_stimulus_set,d021_set2_it_ic_list1,164,1,21,021_cough_burn_bottles,cough_burn_bottles,2,it_ic,intransitive_incohesive,incohesive,intransitive,4,82,3,JpegStimuliFullRes/21_cough_burn bottles/2/ic_1.jpg,ic_1,JpegStimuliFullRes/21_cough_burn bottles/2/it_target.jpg,it_target,JpegStimuliFullRes/21_cough_burn bottles/2/end_ic_it.jpg,end_ic_it,,,,0,,0,JpegStimuliFullRes/21_cough_burn bottles
75,recording_folder_screenshots_2026-08-26,2|3,inferred_from_visible_dataset_and_condition; screenshots_do_not_show_hidden_stimulus_set,d020_set2_tr_coh_list1,155,1,20,020_come_plant_sapling,come_plant_sapling,2,tr_coh,transitive_cohesive,cohesive,transitive,1,78,3,JpegStimuliFullRes/20_come_plant sapling/2/coh_1.jpg,coh_1,JpegStimuliFullRes/20_come_plant sapling/2/coh_2.jpg,coh_2,JpegStimuliFullRes/20_come_plant sapling/2/tr_target.jpg,tr_target,,,,0,,0,JpegStimuliFullRes/20_come_plant sapling
76,recording_folder_screenshots_2026-08-26,2|3,inferred_from_visible_dataset_and_condition; screenshots_do_not_show_hidden_stimulus_set,d026_set3_it_ic_list1,206,1,26,026_sleep_drag_log,sleep_drag_log,3,it_ic,intransitive_incohesive,incohesive,intransitive,4,103,3,JpegStimuliFullRes/26_sleep_drag log/3/ic_1.jpg,ic_1,JpegStimuliFullRes/26_sleep_drag log/3/it_target.jpg,it_target,JpegStimuliFullRes/26_sleep_drag log/3/end_ic_it.jpg,end_ic_it,,,,0,,0,JpegStimuliFullRes/26_sleep_drag log
77,recording_folder_screenshots_2026-08-26,2|3,inferred_from_visible_dataset_and_condition; screenshots_do_not_show_hidden_stimulus_set,d009_set2_tr_coh_list1,67,1,9,009_descend_harvest_rice,descend_harvest_rice,2,tr_coh,transitive_cohesive,cohesive,transitive,1,34,3,JpegStimuliFullRes/9_descend_harvest rice/2/coh_1.jpg,coh_1,JpegStimuliFullRes/9_descend_harvest rice/2/coh_2.jpg,coh_2,JpegStimuliFullRes/9_descend_harvest rice/2/tr_target.jpg,tr_target,,,,0,,0,JpegStimuliFullRes/9_descend_harvest rice
78,recording_folder_screenshots_2026-08-26,2|3,inferred_from_visible_dataset_and_condition; screenshots_do_not_show_hidden_stimulus_set,d008_set2_it_ic_list1,60,1,8,008_smile_weave_garland,smile_weave_garland,2,it_ic,intransitive_incohesive,incohesive,intransitive,4,30,3,JpegStimuliFullRes/8_smile_weave garland/2/ic_1.jpg,ic_1,JpegStimuliFullRes/8_smile_weave garland/2/it_target.jpg,it_target,JpegStimuliFullRes/8_smile_weave garland/2/end_ic_it.jpg,end_ic_it,,,,0,,0,JpegStimuliFullRes/8_smile_weave garland
79,recording_folder_screenshots_2026-08-26,2|3,inferred_from_visible_dataset_and_condition; screenshots_do_not_show_hidden_stimulus_set,d024_set2_tr_coh_list1,187,1,24,024_descend_paint_bench,descend_paint_bench,2,tr_coh,transitive_cohesive,cohesive,transitive,1,94,3,JpegStimuliFullRes/24_descend_paint bench/2/coh_1.jpg,coh_1,JpegStimuliFullRes/24_descend_paint bench/2/coh_2.jpg,coh_2,JpegStimuliFullRes/24_descend_paint bench/2/tr_target.jpg,tr_target,,,,0,,0,JpegStimuliFullRes/24_descend_paint bench
80,recording_folder_screenshots_2026-08-26,2|3,inferred_from_visible_dataset_and_condition; screenshots_do_not_show_hidden_stimulus_set,d001_set2_tr_coh_list1,3,1,1,001_cough_throw_bones,cough_throw_bones,2,tr_coh,transitive_cohesive,cohesive,transitive,1,2,3,JpegStimuliFullRes/1_cough_throw bones/2/coh_1.jpg,coh_1,JpegStimuliFullRes/1_cough_throw bones/2/coh_2.jpg,coh_2,JpegStimuliFullRes/1_cough_throw bones/2/tr_target.jpg,tr_target,,,,0,,0,JpegStimuliFullRes/1_cough_throw bones
