trial_id,source_trial_id,experiment_list,dataset_number,dataset_slug,dataset_label,stimulus_set,condition_id,condition_name,cohesion,transitivity,condition_trigger,item_trigger,target_image,target_role
isolated_list2_d001_set1_tr_coh_list2,d001_set1_tr_coh_list2,2,1,001_cough_throw_bones,cough_throw_bones,1,tr_coh,transitive_cohesive,cohesive,transitive,1,1,../discourse part/JpegStimuliFullRes/1_cough_throw bones/1/tr_target.jpg,tr_target
isolated_list2_d001_set2_it_coh_list2,d001_set2_it_coh_list2,2,1,001_cough_throw_bones,cough_throw_bones,2,it_coh,intransitive_cohesive,cohesive,intransitive,2,2,../discourse part/JpegStimuliFullRes/1_cough_throw bones/2/it_target.jpg,it_target
isolated_list2_d001_set3_it_coh_list2,d001_set3_it_coh_list2,2,1,001_cough_throw_bones,cough_throw_bones,3,it_coh,intransitive_cohesive,cohesive,intransitive,2,3,../discourse part/JpegStimuliFullRes/1_cough_throw bones/3/it_target.jpg,it_target
isolated_list2_d001_set4_tr_coh_list2,d001_set4_tr_coh_list2,2,1,001_cough_throw_bones,cough_throw_bones,4,tr_coh,transitive_cohesive,cohesive,transitive,1,4,../discourse part/JpegStimuliFullRes/1_cough_throw bones/4/tr_target.jpg,tr_target
isolated_list2_d002_set1_tr_coh_list2,d002_set1_tr_coh_list2,2,2,002_stand_weave_basket,stand_weave_basket,1,tr_coh,transitive_cohesive,cohesive,transitive,1,5,../discourse part/JpegStimuliFullRes/2_stand_weave basket/1/tr_target.jpg,tr_target
isolated_list2_d002_set2_it_coh_list2,d002_set2_it_coh_list2,2,2,002_stand_weave_basket,stand_weave_basket,2,it_coh,intransitive_cohesive,cohesive,intransitive,2,6,../discourse part/JpegStimuliFullRes/2_stand_weave basket/2/it_target.jpg,it_target
isolated_list2_d002_set3_it_coh_list2,d002_set3_it_coh_list2,2,2,002_stand_weave_basket,stand_weave_basket,3,it_coh,intransitive_cohesive,cohesive,intransitive,2,7,../discourse part/JpegStimuliFullRes/2_stand_weave basket/3/it_target.jpg,it_target
isolated_list2_d002_set4_tr_coh_list2,d002_set4_tr_coh_list2,2,2,002_stand_weave_basket,stand_weave_basket,4,tr_coh,transitive_cohesive,cohesive,transitive,1,8,../discourse part/JpegStimuliFullRes/2_stand_weave basket/4/tr_target.jpg,tr_target
isolated_list2_d003_set1_tr_coh_list2,d003_set1_tr_coh_list2,2,3,003_rest_cook_fish,rest_cook_fish,1,tr_coh,transitive_cohesive,cohesive,transitive,1,9,../discourse part/JpegStimuliFullRes/3_rest_cook fish/1/tr_target.jpg,tr_target
isolated_list2_d003_set2_it_coh_list2,d003_set2_it_coh_list2,2,3,003_rest_cook_fish,rest_cook_fish,2,it_coh,intransitive_cohesive,cohesive,intransitive,2,10,../discourse part/JpegStimuliFullRes/3_rest_cook fish/2/it_target.jpg,it_target
isolated_list2_d003_set3_it_coh_list2,d003_set3_it_coh_list2,2,3,003_rest_cook_fish,rest_cook_fish,3,it_coh,intransitive_cohesive,cohesive,intransitive,2,11,../discourse part/JpegStimuliFullRes/3_rest_cook fish/3/it_target.jpg,it_target
isolated_list2_d003_set4_tr_coh_list2,d003_set4_tr_coh_list2,2,3,003_rest_cook_fish,rest_cook_fish,4,tr_coh,transitive_cohesive,cohesive,transitive,1,12,../discourse part/JpegStimuliFullRes/3_rest_cook fish/4/tr_target.jpg,tr_target
isolated_list2_d004_set1_tr_coh_list2,d004_set1_tr_coh_list2,2,4,004_run_drink_tea,run_drink_tea,1,tr_coh,transitive_cohesive,cohesive,transitive,1,13,../discourse part/JpegStimuliFullRes/4_run_drink tea/1/tr_target.jpg,tr_target
isolated_list2_d004_set2_it_coh_list2,d004_set2_it_coh_list2,2,4,004_run_drink_tea,run_drink_tea,2,it_coh,intransitive_cohesive,cohesive,intransitive,2,14,../discourse part/JpegStimuliFullRes/4_run_drink tea/2/it_target.jpg,it_target
isolated_list2_d004_set3_it_coh_list2,d004_set3_it_coh_list2,2,4,004_run_drink_tea,run_drink_tea,3,it_coh,intransitive_cohesive,cohesive,intransitive,2,15,../discourse part/JpegStimuliFullRes/4_run_drink tea/3/it_target.jpg,it_target
isolated_list2_d004_set4_tr_coh_list2,d004_set4_tr_coh_list2,2,4,004_run_drink_tea,run_drink_tea,4,tr_coh,transitive_cohesive,cohesive,transitive,1,16,../discourse part/JpegStimuliFullRes/4_run_drink tea/4/tr_target.jpg,tr_target
isolated_list2_d005_set1_tr_coh_list2,d005_set1_tr_coh_list2,2,5,005_rest_build_wall,rest_build_wall,1,tr_coh,transitive_cohesive,cohesive,transitive,1,17,../discourse part/JpegStimuliFullRes/5_rest_build wall/1/tr_target.jpg,tr_target
isolated_list2_d005_set2_it_coh_list2,d005_set2_it_coh_list2,2,5,005_rest_build_wall,rest_build_wall,2,it_coh,intransitive_cohesive,cohesive,intransitive,2,18,../discourse part/JpegStimuliFullRes/5_rest_build wall/2/it_target.jpg,it_target
isolated_list2_d005_set3_it_coh_list2,d005_set3_it_coh_list2,2,5,005_rest_build_wall,rest_build_wall,3,it_coh,intransitive_cohesive,cohesive,intransitive,2,19,../discourse part/JpegStimuliFullRes/5_rest_build wall/3/it_target.jpg,it_target
isolated_list2_d005_set4_tr_coh_list2,d005_set4_tr_coh_list2,2,5,005_rest_build_wall,rest_build_wall,4,tr_coh,transitive_cohesive,cohesive,transitive,1,20,../discourse part/JpegStimuliFullRes/5_rest_build wall/4/tr_target.jpg,tr_target
isolated_list2_d006_set1_tr_coh_list2,d006_set1_tr_coh_list2,2,6,006_sleep_pluck_tomatoes,sleep_pluck_tomatoes,1,tr_coh,transitive_cohesive,cohesive,transitive,1,21,../discourse part/JpegStimuliFullRes/6_sleep_pluck tomatoes/1/tr_target.jpg,tr_target
isolated_list2_d006_set2_it_coh_list2,d006_set2_it_coh_list2,2,6,006_sleep_pluck_tomatoes,sleep_pluck_tomatoes,2,it_coh,intransitive_cohesive,cohesive,intransitive,2,22,../discourse part/JpegStimuliFullRes/6_sleep_pluck tomatoes/2/it_target.jpg,it_target
isolated_list2_d006_set3_it_coh_list2,d006_set3_it_coh_list2,2,6,006_sleep_pluck_tomatoes,sleep_pluck_tomatoes,3,it_coh,intransitive_cohesive,cohesive,intransitive,2,23,../discourse part/JpegStimuliFullRes/6_sleep_pluck tomatoes/3/it_target.jpg,it_target
isolated_list2_d006_set4_tr_coh_list2,d006_set4_tr_coh_list2,2,6,006_sleep_pluck_tomatoes,sleep_pluck_tomatoes,4,tr_coh,transitive_cohesive,cohesive,transitive,1,24,../discourse part/JpegStimuliFullRes/6_sleep_pluck tomatoes/4/tr_target.jpg,tr_target
isolated_list2_d007_set1_tr_coh_list2,d007_set1_tr_coh_list2,2,7,007_sit_make_fire,sit_make_fire,1,tr_coh,transitive_cohesive,cohesive,transitive,1,25,../discourse part/JpegStimuliFullRes/7_sit_make fire/1/tr_target.jpg,tr_target
isolated_list2_d007_set2_it_coh_list2,d007_set2_it_coh_list2,2,7,007_sit_make_fire,sit_make_fire,2,it_coh,intransitive_cohesive,cohesive,intransitive,2,26,../discourse part/JpegStimuliFullRes/7_sit_make fire/2/it_target.jpg,it_target
isolated_list2_d007_set3_it_coh_list2,d007_set3_it_coh_list2,2,7,007_sit_make_fire,sit_make_fire,3,it_coh,intransitive_cohesive,cohesive,intransitive,2,27,../discourse part/JpegStimuliFullRes/7_sit_make fire/3/it_target.jpg,it_target
isolated_list2_d007_set4_tr_coh_list2,d007_set4_tr_coh_list2,2,7,007_sit_make_fire,sit_make_fire,4,tr_coh,transitive_cohesive,cohesive,transitive,1,28,../discourse part/JpegStimuliFullRes/7_sit_make fire/4/tr_target.jpg,tr_target
isolated_list2_d008_set1_tr_coh_list2,d008_set1_tr_coh_list2,2,8,008_smile_weave_garland,smile_weave_garland,1,tr_coh,transitive_cohesive,cohesive,transitive,1,29,../discourse part/JpegStimuliFullRes/8_smile_weave garland/1/tr_target.jpg,tr_target
isolated_list2_d008_set2_it_coh_list2,d008_set2_it_coh_list2,2,8,008_smile_weave_garland,smile_weave_garland,2,it_coh,intransitive_cohesive,cohesive,intransitive,2,30,../discourse part/JpegStimuliFullRes/8_smile_weave garland/2/it_target.jpg,it_target
isolated_list2_d008_set3_it_coh_list2,d008_set3_it_coh_list2,2,8,008_smile_weave_garland,smile_weave_garland,3,it_coh,intransitive_cohesive,cohesive,intransitive,2,31,../discourse part/JpegStimuliFullRes/8_smile_weave garland/3/it_target.jpg,it_target
isolated_list2_d008_set4_tr_coh_list2,d008_set4_tr_coh_list2,2,8,008_smile_weave_garland,smile_weave_garland,4,tr_coh,transitive_cohesive,cohesive,transitive,1,32,../discourse part/JpegStimuliFullRes/8_smile_weave garland/4/tr_target.jpg,tr_target
isolated_list2_d009_set1_tr_coh_list2,d009_set1_tr_coh_list2,2,9,009_descend_harvest_rice,descend_harvest_rice,1,tr_coh,transitive_cohesive,cohesive,transitive,1,33,../discourse part/JpegStimuliFullRes/9_descend_harvest rice/1/tr_target.jpg,tr_target
isolated_list2_d009_set2_it_coh_list2,d009_set2_it_coh_list2,2,9,009_descend_harvest_rice,descend_harvest_rice,2,it_coh,intransitive_cohesive,cohesive,intransitive,2,34,../discourse part/JpegStimuliFullRes/9_descend_harvest rice/2/it_target.jpg,it_target
isolated_list2_d009_set3_it_coh_list2,d009_set3_it_coh_list2,2,9,009_descend_harvest_rice,descend_harvest_rice,3,it_coh,intransitive_cohesive,cohesive,intransitive,2,35,../discourse part/JpegStimuliFullRes/9_descend_harvest rice/3/it_target.jpg,it_target
isolated_list2_d009_set4_tr_coh_list2,d009_set4_tr_coh_list2,2,9,009_descend_harvest_rice,descend_harvest_rice,4,tr_coh,transitive_cohesive,cohesive,transitive,1,36,../discourse part/JpegStimuliFullRes/9_descend_harvest rice/4/tr_target.jpg,tr_target
isolated_list2_d010_set1_tr_coh_list2,d010_set1_tr_coh_list2,2,10,010_run_cook_pancakes,run_cook_pancakes,1,tr_coh,transitive_cohesive,cohesive,transitive,1,37,../discourse part/JpegStimuliFullRes/10_run_cook pancakes/1/tr_target.jpg,tr_target
isolated_list2_d010_set2_it_coh_list2,d010_set2_it_coh_list2,2,10,010_run_cook_pancakes,run_cook_pancakes,2,it_coh,intransitive_cohesive,cohesive,intransitive,2,38,../discourse part/JpegStimuliFullRes/10_run_cook pancakes/2/it_target.jpg,it_target
isolated_list2_d010_set3_it_coh_list2,d010_set3_it_coh_list2,2,10,010_run_cook_pancakes,run_cook_pancakes,3,it_coh,intransitive_cohesive,cohesive,intransitive,2,39,../discourse part/JpegStimuliFullRes/10_run_cook pancakes/3/it_target.jpg,it_target
isolated_list2_d010_set4_tr_coh_list2,d010_set4_tr_coh_list2,2,10,010_run_cook_pancakes,run_cook_pancakes,4,tr_coh,transitive_cohesive,cohesive,transitive,1,40,../discourse part/JpegStimuliFullRes/10_run_cook pancakes/4/tr_target.jpg,tr_target
isolated_list2_d011_set1_tr_coh_list2,d011_set1_tr_coh_list2,2,11,011_ascend_wipe_plate,ascend_wipe_plate,1,tr_coh,transitive_cohesive,cohesive,transitive,1,41,../discourse part/JpegStimuliFullRes/11_ascend_wipe plate/1/tr_target.jpg,tr_target
isolated_list2_d011_set2_it_coh_list2,d011_set2_it_coh_list2,2,11,011_ascend_wipe_plate,ascend_wipe_plate,2,it_coh,intransitive_cohesive,cohesive,intransitive,2,42,../discourse part/JpegStimuliFullRes/11_ascend_wipe plate/2/it_target.jpg,it_target
isolated_list2_d011_set3_it_coh_list2,d011_set3_it_coh_list2,2,11,011_ascend_wipe_plate,ascend_wipe_plate,3,it_coh,intransitive_cohesive,cohesive,intransitive,2,43,../discourse part/JpegStimuliFullRes/11_ascend_wipe plate/3/it_target.jpg,it_target
isolated_list2_d011_set4_tr_coh_list2,d011_set4_tr_coh_list2,2,11,011_ascend_wipe_plate,ascend_wipe_plate,4,tr_coh,transitive_cohesive,cohesive,transitive,1,44,../discourse part/JpegStimuliFullRes/11_ascend_wipe plate/4/tr_target.jpg,tr_target
isolated_list2_d012_set1_tr_coh_list2,d012_set1_tr_coh_list2,2,12,012_come_eat_rice,come_eat_rice,1,tr_coh,transitive_cohesive,cohesive,transitive,1,45,../discourse part/JpegStimuliFullRes/12_come_eat rice/1/tr_target.jpg,tr_target
isolated_list2_d012_set2_it_coh_list2,d012_set2_it_coh_list2,2,12,012_come_eat_rice,come_eat_rice,2,it_coh,intransitive_cohesive,cohesive,intransitive,2,46,../discourse part/JpegStimuliFullRes/12_come_eat rice/2/it_target.jpg,it_target
isolated_list2_d012_set3_it_coh_list2,d012_set3_it_coh_list2,2,12,012_come_eat_rice,come_eat_rice,3,it_coh,intransitive_cohesive,cohesive,intransitive,2,47,../discourse part/JpegStimuliFullRes/12_come_eat rice/3/it_target.jpg,it_target
isolated_list2_d012_set4_tr_coh_list2,d012_set4_tr_coh_list2,2,12,012_come_eat_rice,come_eat_rice,4,tr_coh,transitive_cohesive,cohesive,transitive,1,48,../discourse part/JpegStimuliFullRes/12_come_eat rice/4/tr_target.jpg,tr_target
isolated_list2_d013_set1_tr_coh_list2,d013_set1_tr_coh_list2,2,13,013_stand_wash_clothes,stand_wash_clothes,1,tr_coh,transitive_cohesive,cohesive,transitive,1,49,../discourse part/JpegStimuliFullRes/13_stand_wash clothes/1/tr_target.jpg,tr_target
isolated_list2_d013_set2_it_coh_list2,d013_set2_it_coh_list2,2,13,013_stand_wash_clothes,stand_wash_clothes,2,it_coh,intransitive_cohesive,cohesive,intransitive,2,50,../discourse part/JpegStimuliFullRes/13_stand_wash clothes/2/it_target.jpg,it_target
isolated_list2_d013_set3_it_coh_list2,d013_set3_it_coh_list2,2,13,013_stand_wash_clothes,stand_wash_clothes,3,it_coh,intransitive_cohesive,cohesive,intransitive,2,51,../discourse part/JpegStimuliFullRes/13_stand_wash clothes/3/it_target.jpg,it_target
isolated_list2_d013_set4_tr_coh_list2,d013_set4_tr_coh_list2,2,13,013_stand_wash_clothes,stand_wash_clothes,4,tr_coh,transitive_cohesive,cohesive,transitive,1,52,../discourse part/JpegStimuliFullRes/13_stand_wash clothes/4/tr_target.jpg,tr_target
isolated_list2_d014_set1_tr_coh_list2,d014_set1_tr_coh_list2,2,14,014_ascend_weave_raincoat,ascend_weave_raincoat,1,tr_coh,transitive_cohesive,cohesive,transitive,1,53,../discourse part/JpegStimuliFullRes/14_ascend_weave raincoat/1/tr_target.jpg,tr_target
isolated_list2_d014_set2_it_coh_list2,d014_set2_it_coh_list2,2,14,014_ascend_weave_raincoat,ascend_weave_raincoat,2,it_coh,intransitive_cohesive,cohesive,intransitive,2,54,../discourse part/JpegStimuliFullRes/14_ascend_weave raincoat/2/it_target.jpg,it_target
isolated_list2_d014_set3_it_coh_list2,d014_set3_it_coh_list2,2,14,014_ascend_weave_raincoat,ascend_weave_raincoat,3,it_coh,intransitive_cohesive,cohesive,intransitive,2,55,../discourse part/JpegStimuliFullRes/14_ascend_weave raincoat/3/it_target.jpg,it_target
isolated_list2_d014_set4_tr_coh_list2,d014_set4_tr_coh_list2,2,14,014_ascend_weave_raincoat,ascend_weave_raincoat,4,tr_coh,transitive_cohesive,cohesive,transitive,1,56,../discourse part/JpegStimuliFullRes/14_ascend_weave raincoat/4/tr_target.jpg,tr_target
isolated_list2_d015_set1_tr_coh_list2,d015_set1_tr_coh_list2,2,15,015_smile_clean_wall,smile_clean_wall,1,tr_coh,transitive_cohesive,cohesive,transitive,1,57,../discourse part/JpegStimuliFullRes/15_smile_clean wall/1/tr_target.jpg,tr_target
isolated_list2_d015_set2_it_coh_list2,d015_set2_it_coh_list2,2,15,015_smile_clean_wall,smile_clean_wall,2,it_coh,intransitive_cohesive,cohesive,intransitive,2,58,../discourse part/JpegStimuliFullRes/15_smile_clean wall/2/it_target.jpg,it_target
isolated_list2_d015_set3_it_coh_list2,d015_set3_it_coh_list2,2,15,015_smile_clean_wall,smile_clean_wall,3,it_coh,intransitive_cohesive,cohesive,intransitive,2,59,../discourse part/JpegStimuliFullRes/15_smile_clean wall/3/it_target.jpg,it_target
isolated_list2_d015_set4_tr_coh_list2,d015_set4_tr_coh_list2,2,15,015_smile_clean_wall,smile_clean_wall,4,tr_coh,transitive_cohesive,cohesive,transitive,1,60,../discourse part/JpegStimuliFullRes/15_smile_clean wall/4/tr_target.jpg,tr_target
isolated_list2_d016_set1_tr_coh_list2,d016_set1_tr_coh_list2,2,16,016_sleep_wash_dish,sleep_wash_dish,1,tr_coh,transitive_cohesive,cohesive,transitive,1,61,../discourse part/JpegStimuliFullRes/16_sleep_wash dish/1/tr_target.jpg,tr_target
isolated_list2_d016_set2_it_coh_list2,d016_set2_it_coh_list2,2,16,016_sleep_wash_dish,sleep_wash_dish,2,it_coh,intransitive_cohesive,cohesive,intransitive,2,62,../discourse part/JpegStimuliFullRes/16_sleep_wash dish/2/it_target.jpg,it_target
isolated_list2_d016_set3_it_coh_list2,d016_set3_it_coh_list2,2,16,016_sleep_wash_dish,sleep_wash_dish,3,it_coh,intransitive_cohesive,cohesive,intransitive,2,63,../discourse part/JpegStimuliFullRes/16_sleep_wash dish/3/it_target.jpg,it_target
isolated_list2_d016_set4_tr_coh_list2,d016_set4_tr_coh_list2,2,16,016_sleep_wash_dish,sleep_wash_dish,4,tr_coh,transitive_cohesive,cohesive,transitive,1,64,../discourse part/JpegStimuliFullRes/16_sleep_wash dish/4/tr_target.jpg,tr_target
isolated_list2_d017_set1_tr_coh_list2,d017_set1_tr_coh_list2,2,17,017_rest_hang_picture,rest_hang_picture,1,tr_coh,transitive_cohesive,cohesive,transitive,1,65,../discourse part/JpegStimuliFullRes/17_rest_hang picture/1/tr_target.jpg,tr_target
isolated_list2_d017_set2_it_coh_list2,d017_set2_it_coh_list2,2,17,017_rest_hang_picture,rest_hang_picture,2,it_coh,intransitive_cohesive,cohesive,intransitive,2,66,../discourse part/JpegStimuliFullRes/17_rest_hang picture/2/it_target.jpg,it_target
isolated_list2_d017_set3_it_coh_list2,d017_set3_it_coh_list2,2,17,017_rest_hang_picture,rest_hang_picture,3,it_coh,intransitive_cohesive,cohesive,intransitive,2,67,../discourse part/JpegStimuliFullRes/17_rest_hang picture/3/it_target.jpg,it_target
isolated_list2_d017_set4_tr_coh_list2,d017_set4_tr_coh_list2,2,17,017_rest_hang_picture,rest_hang_picture,4,tr_coh,transitive_cohesive,cohesive,transitive,1,68,../discourse part/JpegStimuliFullRes/17_rest_hang picture/4/tr_target.jpg,tr_target
isolated_list2_d018_set1_tr_coh_list2,d018_set1_tr_coh_list2,2,18,018_yawn_put_on_cap,yawn_put_on_cap,1,tr_coh,transitive_cohesive,cohesive,transitive,1,69,../discourse part/JpegStimuliFullRes/18_yawn_put on cap/1/tr_target.jpg,tr_target
isolated_list2_d018_set2_it_coh_list2,d018_set2_it_coh_list2,2,18,018_yawn_put_on_cap,yawn_put_on_cap,2,it_coh,intransitive_cohesive,cohesive,intransitive,2,70,../discourse part/JpegStimuliFullRes/18_yawn_put on cap/2/it_target.jpg,it_target
isolated_list2_d018_set3_it_coh_list2,d018_set3_it_coh_list2,2,18,018_yawn_put_on_cap,yawn_put_on_cap,3,it_coh,intransitive_cohesive,cohesive,intransitive,2,71,../discourse part/JpegStimuliFullRes/18_yawn_put on cap/3/it_target.jpg,it_target
isolated_list2_d018_set4_tr_coh_list2,d018_set4_tr_coh_list2,2,18,018_yawn_put_on_cap,yawn_put_on_cap,4,tr_coh,transitive_cohesive,cohesive,transitive,1,72,../discourse part/JpegStimuliFullRes/18_yawn_put on cap/4/tr_target.jpg,tr_target
isolated_list2_d019_set1_tr_coh_list2,d019_set1_tr_coh_list2,2,19,019_sit_crack_egg,sit_crack_egg,1,tr_coh,transitive_cohesive,cohesive,transitive,1,73,../discourse part/JpegStimuliFullRes/19_sit_crack egg/1/tr_target.jpg,tr_target
isolated_list2_d019_set2_it_coh_list2,d019_set2_it_coh_list2,2,19,019_sit_crack_egg,sit_crack_egg,2,it_coh,intransitive_cohesive,cohesive,intransitive,2,74,../discourse part/JpegStimuliFullRes/19_sit_crack egg/2/it_target.jpg,it_target
isolated_list2_d019_set3_it_coh_list2,d019_set3_it_coh_list2,2,19,019_sit_crack_egg,sit_crack_egg,3,it_coh,intransitive_cohesive,cohesive,intransitive,2,75,../discourse part/JpegStimuliFullRes/19_sit_crack egg/3/it_target.jpg,it_target
isolated_list2_d019_set4_tr_coh_list2,d019_set4_tr_coh_list2,2,19,019_sit_crack_egg,sit_crack_egg,4,tr_coh,transitive_cohesive,cohesive,transitive,1,76,../discourse part/JpegStimuliFullRes/19_sit_crack egg/4/tr_target.jpg,tr_target
isolated_list2_d020_set1_tr_coh_list2,d020_set1_tr_coh_list2,2,20,020_come_plant_sapling,come_plant_sapling,1,tr_coh,transitive_cohesive,cohesive,transitive,1,77,../discourse part/JpegStimuliFullRes/20_come_plant sapling/1/tr_target.jpg,tr_target
isolated_list2_d020_set2_it_coh_list2,d020_set2_it_coh_list2,2,20,020_come_plant_sapling,come_plant_sapling,2,it_coh,intransitive_cohesive,cohesive,intransitive,2,78,../discourse part/JpegStimuliFullRes/20_come_plant sapling/2/it_target.jpg,it_target
isolated_list2_d020_set3_it_coh_list2,d020_set3_it_coh_list2,2,20,020_come_plant_sapling,come_plant_sapling,3,it_coh,intransitive_cohesive,cohesive,intransitive,2,79,../discourse part/JpegStimuliFullRes/20_come_plant sapling/3/it_target.jpg,it_target
isolated_list2_d020_set4_tr_coh_list2,d020_set4_tr_coh_list2,2,20,020_come_plant_sapling,come_plant_sapling,4,tr_coh,transitive_cohesive,cohesive,transitive,1,80,../discourse part/JpegStimuliFullRes/20_come_plant sapling/4/tr_target.jpg,tr_target
isolated_list2_d021_set1_tr_coh_list2,d021_set1_tr_coh_list2,2,21,021_cough_burn_bottles,cough_burn_bottles,1,tr_coh,transitive_cohesive,cohesive,transitive,1,81,../discourse part/JpegStimuliFullRes/21_cough_burn bottles/1/tr_target.jpg,tr_target
isolated_list2_d021_set2_it_coh_list2,d021_set2_it_coh_list2,2,21,021_cough_burn_bottles,cough_burn_bottles,2,it_coh,intransitive_cohesive,cohesive,intransitive,2,82,../discourse part/JpegStimuliFullRes/21_cough_burn bottles/2/it_target.jpg,it_target
isolated_list2_d021_set3_it_coh_list2,d021_set3_it_coh_list2,2,21,021_cough_burn_bottles,cough_burn_bottles,3,it_coh,intransitive_cohesive,cohesive,intransitive,2,83,../discourse part/JpegStimuliFullRes/21_cough_burn bottles/3/it_target.jpg,it_target
isolated_list2_d021_set4_tr_coh_list2,d021_set4_tr_coh_list2,2,21,021_cough_burn_bottles,cough_burn_bottles,4,tr_coh,transitive_cohesive,cohesive,transitive,1,84,../discourse part/JpegStimuliFullRes/21_cough_burn bottles/4/tr_target.jpg,tr_target
isolated_list2_d022_set1_tr_coh_list2,d022_set1_tr_coh_list2,2,22,022_come_push_chest,come_push_chest,1,tr_coh,transitive_cohesive,cohesive,transitive,1,85,../discourse part/JpegStimuliFullRes/22_come_push chest/1/tr_target.jpg,tr_target
isolated_list2_d022_set2_it_coh_list2,d022_set2_it_coh_list2,2,22,022_come_push_chest,come_push_chest,2,it_coh,intransitive_cohesive,cohesive,intransitive,2,86,../discourse part/JpegStimuliFullRes/22_come_push chest/2/it_target.jpg,it_target
isolated_list2_d022_set3_it_coh_list2,d022_set3_it_coh_list2,2,22,022_come_push_chest,come_push_chest,3,it_coh,intransitive_cohesive,cohesive,intransitive,2,87,../discourse part/JpegStimuliFullRes/22_come_push chest/3/it_target.jpg,it_target
isolated_list2_d022_set4_tr_coh_list2,d022_set4_tr_coh_list2,2,22,022_come_push_chest,come_push_chest,4,tr_coh,transitive_cohesive,cohesive,transitive,1,88,../discourse part/JpegStimuliFullRes/22_come_push chest/4/tr_target.jpg,tr_target
isolated_list2_d023_set1_tr_coh_list2,d023_set1_tr_coh_list2,2,23,023_stand_tear_paper,stand_tear_paper,1,tr_coh,transitive_cohesive,cohesive,transitive,1,89,../discourse part/JpegStimuliFullRes/23_stand_tear paper/1/tr_target.jpg,tr_target
isolated_list2_d023_set2_it_coh_list2,d023_set2_it_coh_list2,2,23,023_stand_tear_paper,stand_tear_paper,2,it_coh,intransitive_cohesive,cohesive,intransitive,2,90,../discourse part/JpegStimuliFullRes/23_stand_tear paper/2/it_target.jpg,it_target
isolated_list2_d023_set3_it_coh_list2,d023_set3_it_coh_list2,2,23,023_stand_tear_paper,stand_tear_paper,3,it_coh,intransitive_cohesive,cohesive,intransitive,2,91,../discourse part/JpegStimuliFullRes/23_stand_tear paper/3/it_target.jpg,it_target
isolated_list2_d023_set4_tr_coh_list2,d023_set4_tr_coh_list2,2,23,023_stand_tear_paper,stand_tear_paper,4,tr_coh,transitive_cohesive,cohesive,transitive,1,92,../discourse part/JpegStimuliFullRes/23_stand_tear paper/4/tr_target.jpg,tr_target
isolated_list2_d024_set1_tr_coh_list2,d024_set1_tr_coh_list2,2,24,024_descend_paint_bench,descend_paint_bench,1,tr_coh,transitive_cohesive,cohesive,transitive,1,93,../discourse part/JpegStimuliFullRes/24_descend_paint bench/1/tr_target.jpg,tr_target
isolated_list2_d024_set2_it_coh_list2,d024_set2_it_coh_list2,2,24,024_descend_paint_bench,descend_paint_bench,2,it_coh,intransitive_cohesive,cohesive,intransitive,2,94,../discourse part/JpegStimuliFullRes/24_descend_paint bench/2/it_target.jpg,it_target
isolated_list2_d024_set3_it_coh_list2,d024_set3_it_coh_list2,2,24,024_descend_paint_bench,descend_paint_bench,3,it_coh,intransitive_cohesive,cohesive,intransitive,2,95,../discourse part/JpegStimuliFullRes/24_descend_paint bench/3/it_target.jpg,it_target
isolated_list2_d024_set4_tr_coh_list2,d024_set4_tr_coh_list2,2,24,024_descend_paint_bench,descend_paint_bench,4,tr_coh,transitive_cohesive,cohesive,transitive,1,96,../discourse part/JpegStimuliFullRes/24_descend_paint bench/4/tr_target.jpg,tr_target
isolated_list2_d025_set1_tr_coh_list2,d025_set1_tr_coh_list2,2,25,025_yawn_lock_door,yawn_lock_door,1,tr_coh,transitive_cohesive,cohesive,transitive,1,97,../discourse part/JpegStimuliFullRes/25_yawn_lock door/1/tr_target.jpg,tr_target
isolated_list2_d025_set2_it_coh_list2,d025_set2_it_coh_list2,2,25,025_yawn_lock_door,yawn_lock_door,2,it_coh,intransitive_cohesive,cohesive,intransitive,2,98,../discourse part/JpegStimuliFullRes/25_yawn_lock door/2/it_target.jpg,it_target
isolated_list2_d025_set3_it_coh_list2,d025_set3_it_coh_list2,2,25,025_yawn_lock_door,yawn_lock_door,3,it_coh,intransitive_cohesive,cohesive,intransitive,2,99,../discourse part/JpegStimuliFullRes/25_yawn_lock door/3/it_target.jpg,it_target
isolated_list2_d025_set4_tr_coh_list2,d025_set4_tr_coh_list2,2,25,025_yawn_lock_door,yawn_lock_door,4,tr_coh,transitive_cohesive,cohesive,transitive,1,100,../discourse part/JpegStimuliFullRes/25_yawn_lock door/4/tr_target.jpg,tr_target
isolated_list2_d026_set1_tr_coh_list2,d026_set1_tr_coh_list2,2,26,026_sleep_drag_log,sleep_drag_log,1,tr_coh,transitive_cohesive,cohesive,transitive,1,101,../discourse part/JpegStimuliFullRes/26_sleep_drag log/1/tr_target.jpg,tr_target
isolated_list2_d026_set2_it_coh_list2,d026_set2_it_coh_list2,2,26,026_sleep_drag_log,sleep_drag_log,2,it_coh,intransitive_cohesive,cohesive,intransitive,2,102,../discourse part/JpegStimuliFullRes/26_sleep_drag log/2/it_target.jpg,it_target
isolated_list2_d026_set3_it_coh_list2,d026_set3_it_coh_list2,2,26,026_sleep_drag_log,sleep_drag_log,3,it_coh,intransitive_cohesive,cohesive,intransitive,2,103,../discourse part/JpegStimuliFullRes/26_sleep_drag log/3/it_target.jpg,it_target
isolated_list2_d026_set4_tr_coh_list2,d026_set4_tr_coh_list2,2,26,026_sleep_drag_log,sleep_drag_log,4,tr_coh,transitive_cohesive,cohesive,transitive,1,104,../discourse part/JpegStimuliFullRes/26_sleep_drag log/4/tr_target.jpg,tr_target
isolated_list2_d027_set1_tr_coh_list2,d027_set1_tr_coh_list2,2,27,027_jump_pull_blanket,jump_pull_blanket,1,tr_coh,transitive_cohesive,cohesive,transitive,1,105,../discourse part/JpegStimuliFullRes/27_jump_pull blanket/1/tr_target.jpg,tr_target
isolated_list2_d027_set2_it_coh_list2,d027_set2_it_coh_list2,2,27,027_jump_pull_blanket,jump_pull_blanket,2,it_coh,intransitive_cohesive,cohesive,intransitive,2,106,../discourse part/JpegStimuliFullRes/27_jump_pull blanket/2/it_target.jpg,it_target
isolated_list2_d027_set3_it_coh_list2,d027_set3_it_coh_list2,2,27,027_jump_pull_blanket,jump_pull_blanket,3,it_coh,intransitive_cohesive,cohesive,intransitive,2,107,../discourse part/JpegStimuliFullRes/27_jump_pull blanket/3/it_target.jpg,it_target
isolated_list2_d027_set4_tr_coh_list2,d027_set4_tr_coh_list2,2,27,027_jump_pull_blanket,jump_pull_blanket,4,tr_coh,transitive_cohesive,cohesive,transitive,1,108,../discourse part/JpegStimuliFullRes/27_jump_pull blanket/4/tr_target.jpg,tr_target
isolated_list2_d028_set1_tr_coh_list2,d028_set1_tr_coh_list2,2,28,028_jump_peel_orange,jump_peel_orange,1,tr_coh,transitive_cohesive,cohesive,transitive,1,109,../discourse part/JpegStimuliFullRes/28_jump_peel orange/1/tr_target.jpg,tr_target
isolated_list2_d028_set2_it_coh_list2,d028_set2_it_coh_list2,2,28,028_jump_peel_orange,jump_peel_orange,2,it_coh,intransitive_cohesive,cohesive,intransitive,2,110,../discourse part/JpegStimuliFullRes/28_jump_peel orange/2/it_target.jpg,it_target
isolated_list2_d028_set3_it_coh_list2,d028_set3_it_coh_list2,2,28,028_jump_peel_orange,jump_peel_orange,3,it_coh,intransitive_cohesive,cohesive,intransitive,2,111,../discourse part/JpegStimuliFullRes/28_jump_peel orange/3/it_target.jpg,it_target
isolated_list2_d028_set4_tr_coh_list2,d028_set4_tr_coh_list2,2,28,028_jump_peel_orange,jump_peel_orange,4,tr_coh,transitive_cohesive,cohesive,transitive,1,112,../discourse part/JpegStimuliFullRes/28_jump_peel orange/4/tr_target.jpg,tr_target
isolated_list2_d029_set1_tr_coh_list2,d029_set1_tr_coh_list2,2,29,029_sit_cut_potato,sit_cut_potato,1,tr_coh,transitive_cohesive,cohesive,transitive,1,113,../discourse part/JpegStimuliFullRes/29_sit_cut potato/1/tr_target.jpg,tr_target
isolated_list2_d029_set2_it_coh_list2,d029_set2_it_coh_list2,2,29,029_sit_cut_potato,sit_cut_potato,2,it_coh,intransitive_cohesive,cohesive,intransitive,2,114,../discourse part/JpegStimuliFullRes/29_sit_cut potato/2/it_target.jpg,it_target
isolated_list2_d029_set3_it_coh_list2,d029_set3_it_coh_list2,2,29,029_sit_cut_potato,sit_cut_potato,3,it_coh,intransitive_cohesive,cohesive,intransitive,2,115,../discourse part/JpegStimuliFullRes/29_sit_cut potato/3/it_target.jpg,it_target
isolated_list2_d029_set4_tr_coh_list2,d029_set4_tr_coh_list2,2,29,029_sit_cut_potato,sit_cut_potato,4,tr_coh,transitive_cohesive,cohesive,transitive,1,116,../discourse part/JpegStimuliFullRes/29_sit_cut potato/4/tr_target.jpg,tr_target
isolated_list2_d030_set1_tr_coh_list2,d030_set1_tr_coh_list2,2,30,030_smile_make_momos,smile_make_momos,1,tr_coh,transitive_cohesive,cohesive,transitive,1,117,../discourse part/JpegStimuliFullRes/30_smile_make momos/1/tr_target.jpg,tr_target
isolated_list2_d030_set2_it_coh_list2,d030_set2_it_coh_list2,2,30,030_smile_make_momos,smile_make_momos,2,it_coh,intransitive_cohesive,cohesive,intransitive,2,118,../discourse part/JpegStimuliFullRes/30_smile_make momos/2/it_target.jpg,it_target
isolated_list2_d030_set3_it_coh_list2,d030_set3_it_coh_list2,2,30,030_smile_make_momos,smile_make_momos,3,it_coh,intransitive_cohesive,cohesive,intransitive,2,119,../discourse part/JpegStimuliFullRes/30_smile_make momos/3/it_target.jpg,it_target
isolated_list2_d030_set4_tr_coh_list2,d030_set4_tr_coh_list2,2,30,030_smile_make_momos,smile_make_momos,4,tr_coh,transitive_cohesive,cohesive,transitive,1,120,../discourse part/JpegStimuliFullRes/30_smile_make momos/4/tr_target.jpg,tr_target
