trial_id,dataset_number,dataset_slug,dataset_label,set_id,set_label,condition_id,condition_name,cohesion,transitivity,n_images,img1,img1_role,img2,img2_role,img3,img3_role,img4,img4_role,source_dataset_folder,source_set_folder
d001_s1_it_coh,1,001_cough_throw_bones,cough_throw_bones,1,set1,it_coh,intransitive_cohesive,cohesive,intransitive,4,/Users/matveikurzukov/Library/CloudStorage/GoogleDrive-apazent@gmail.com/.shortcut-targets-by-id/1exBA-7XrpLfZc6s8oGNYTbmjGsu5dT6p/Gurung stimuli/1_cough_throw bones/1/coh_1.png,coh_1,/Users/matveikurzukov/Library/CloudStorage/GoogleDrive-apazent@gmail.com/.shortcut-targets-by-id/1exBA-7XrpLfZc6s8oGNYTbmjGsu5dT6p/Gurung stimuli/1_cough_throw bones/1/coh_2.png,coh_2,/Users/matveikurzukov/Library/CloudStorage/GoogleDrive-apazent@gmail.com/.shortcut-targets-by-id/1exBA-7XrpLfZc6s8oGNYTbmjGsu5dT6p/Gurung stimuli/1_cough_throw bones/1/it_target.png,it_target,/Users/matveikurzukov/Library/CloudStorage/GoogleDrive-apazent@gmail.com/.shortcut-targets-by-id/1exBA-7XrpLfZc6s8oGNYTbmjGsu5dT6p/Gurung stimuli/1_cough_throw bones/1/end_coh_it.png,end_coh_it,/Users/matveikurzukov/Library/CloudStorage/GoogleDrive-apazent@gmail.com/.shortcut-targets-by-id/1exBA-7XrpLfZc6s8oGNYTbmjGsu5dT6p/Gurung stimuli/1_cough_throw bones,/Users/matveikurzukov/Library/CloudStorage/GoogleDrive-apazent@gmail.com/.shortcut-targets-by-id/1exBA-7XrpLfZc6s8oGNYTbmjGsu5dT6p/Gurung stimuli/1_cough_throw bones/1
d002_s2_tr_ic,2,002_stand_weave_basket,stand_weave_basket,2,set2,tr_ic,transitive_incohesive,incohesive,transitive,3,/Users/matveikurzukov/Library/CloudStorage/GoogleDrive-apazent@gmail.com/.shortcut-targets-by-id/1exBA-7XrpLfZc6s8oGNYTbmjGsu5dT6p/Gurung stimuli/2_stand_weave basket/2/ic_1.png,ic_1,/Users/matveikurzukov/Library/CloudStorage/GoogleDrive-apazent@gmail.com/.shortcut-targets-by-id/1exBA-7XrpLfZc6s8oGNYTbmjGsu5dT6p/Gurung stimuli/2_stand_weave basket/2/tr_target.png,tr_target,/Users/matveikurzukov/Library/CloudStorage/GoogleDrive-apazent@gmail.com/.shortcut-targets-by-id/1exBA-7XrpLfZc6s8oGNYTbmjGsu5dT6p/Gurung stimuli/2_stand_weave basket/2/end_ic_tr.png,end_ic_tr,,,/Users/matveikurzukov/Library/CloudStorage/GoogleDrive-apazent@gmail.com/.shortcut-targets-by-id/1exBA-7XrpLfZc6s8oGNYTbmjGsu5dT6p/Gurung stimuli/2_stand_weave basket,/Users/matveikurzukov/Library/CloudStorage/GoogleDrive-apazent@gmail.com/.shortcut-targets-by-id/1exBA-7XrpLfZc6s8oGNYTbmjGsu5dT6p/Gurung stimuli/2_stand_weave basket/2
d003_s1_it_ic,3,003_rest_cook_fish,rest_cook_fish,1,set1,it_ic,intransitive_incohesive,incohesive,intransitive,3,/Users/matveikurzukov/Library/CloudStorage/GoogleDrive-apazent@gmail.com/.shortcut-targets-by-id/1exBA-7XrpLfZc6s8oGNYTbmjGsu5dT6p/Gurung stimuli/3_rest_cook fish/1/ic_1.png,ic_1,/Users/matveikurzukov/Library/CloudStorage/GoogleDrive-apazent@gmail.com/.shortcut-targets-by-id/1exBA-7XrpLfZc6s8oGNYTbmjGsu5dT6p/Gurung stimuli/3_rest_cook fish/1/it_target.png,it_target,/Users/matveikurzukov/Library/CloudStorage/GoogleDrive-apazent@gmail.com/.shortcut-targets-by-id/1exBA-7XrpLfZc6s8oGNYTbmjGsu5dT6p/Gurung stimuli/3_rest_cook fish/1/end_ic_it.png,end_ic_it,,,/Users/matveikurzukov/Library/CloudStorage/GoogleDrive-apazent@gmail.com/.shortcut-targets-by-id/1exBA-7XrpLfZc6s8oGNYTbmjGsu5dT6p/Gurung stimuli/3_rest_cook fish,/Users/matveikurzukov/Library/CloudStorage/GoogleDrive-apazent@gmail.com/.shortcut-targets-by-id/1exBA-7XrpLfZc6s8oGNYTbmjGsu5dT6p/Gurung stimuli/3_rest_cook fish/1
d004_s2_tr_coh,4,004_run_drink_tea,run_drink_tea,2,set2,tr_coh,transitive_cohesive,cohesive,transitive,3,/Users/matveikurzukov/Library/CloudStorage/GoogleDrive-apazent@gmail.com/.shortcut-targets-by-id/1exBA-7XrpLfZc6s8oGNYTbmjGsu5dT6p/Gurung stimuli/4_run_drink tea/2/coh_1.png,coh_1,/Users/matveikurzukov/Library/CloudStorage/GoogleDrive-apazent@gmail.com/.shortcut-targets-by-id/1exBA-7XrpLfZc6s8oGNYTbmjGsu5dT6p/Gurung stimuli/4_run_drink tea/2/coh_2.png,coh_2,/Users/matveikurzukov/Library/CloudStorage/GoogleDrive-apazent@gmail.com/.shortcut-targets-by-id/1exBA-7XrpLfZc6s8oGNYTbmjGsu5dT6p/Gurung stimuli/4_run_drink tea/2/tr_target.png,tr_target,,,/Users/matveikurzukov/Library/CloudStorage/GoogleDrive-apazent@gmail.com/.shortcut-targets-by-id/1exBA-7XrpLfZc6s8oGNYTbmjGsu5dT6p/Gurung stimuli/4_run_drink tea,/Users/matveikurzukov/Library/CloudStorage/GoogleDrive-apazent@gmail.com/.shortcut-targets-by-id/1exBA-7XrpLfZc6s8oGNYTbmjGsu5dT6p/Gurung stimuli/4_run_drink tea/2
d005_s1_it_coh,5,005_rest_build_wall,rest_build_wall,1,set1,it_coh,intransitive_cohesive,cohesive,intransitive,4,/Users/matveikurzukov/Library/CloudStorage/GoogleDrive-apazent@gmail.com/.shortcut-targets-by-id/1exBA-7XrpLfZc6s8oGNYTbmjGsu5dT6p/Gurung stimuli/5_rest_build wall/1/coh_1.png,coh_1,/Users/matveikurzukov/Library/CloudStorage/GoogleDrive-apazent@gmail.com/.shortcut-targets-by-id/1exBA-7XrpLfZc6s8oGNYTbmjGsu5dT6p/Gurung stimuli/5_rest_build wall/1/coh_2.png,coh_2,/Users/matveikurzukov/Library/CloudStorage/GoogleDrive-apazent@gmail.com/.shortcut-targets-by-id/1exBA-7XrpLfZc6s8oGNYTbmjGsu5dT6p/Gurung stimuli/5_rest_build wall/1/it_target.png,it_target,/Users/matveikurzukov/Library/CloudStorage/GoogleDrive-apazent@gmail.com/.shortcut-targets-by-id/1exBA-7XrpLfZc6s8oGNYTbmjGsu5dT6p/Gurung stimuli/5_rest_build wall/1/end_coh_it.png,end_coh_it,/Users/matveikurzukov/Library/CloudStorage/GoogleDrive-apazent@gmail.com/.shortcut-targets-by-id/1exBA-7XrpLfZc6s8oGNYTbmjGsu5dT6p/Gurung stimuli/5_rest_build wall,/Users/matveikurzukov/Library/CloudStorage/GoogleDrive-apazent@gmail.com/.shortcut-targets-by-id/1exBA-7XrpLfZc6s8oGNYTbmjGsu5dT6p/Gurung stimuli/5_rest_build wall/1
d006_s2_tr_ic,6,006_sleep_pluck_tomatoes,sleep_pluck_tomatoes,2,set2,tr_ic,transitive_incohesive,incohesive,transitive,3,/Users/matveikurzukov/Library/CloudStorage/GoogleDrive-apazent@gmail.com/.shortcut-targets-by-id/1exBA-7XrpLfZc6s8oGNYTbmjGsu5dT6p/Gurung stimuli/6_sleep_pluck tomatoes/2/ic_1.png,ic_1,/Users/matveikurzukov/Library/CloudStorage/GoogleDrive-apazent@gmail.com/.shortcut-targets-by-id/1exBA-7XrpLfZc6s8oGNYTbmjGsu5dT6p/Gurung stimuli/6_sleep_pluck tomatoes/2/tr_target.png,tr_target,/Users/matveikurzukov/Library/CloudStorage/GoogleDrive-apazent@gmail.com/.shortcut-targets-by-id/1exBA-7XrpLfZc6s8oGNYTbmjGsu5dT6p/Gurung stimuli/6_sleep_pluck tomatoes/2/end_ic_tr.png,end_ic_tr,,,/Users/matveikurzukov/Library/CloudStorage/GoogleDrive-apazent@gmail.com/.shortcut-targets-by-id/1exBA-7XrpLfZc6s8oGNYTbmjGsu5dT6p/Gurung stimuli/6_sleep_pluck tomatoes,/Users/matveikurzukov/Library/CloudStorage/GoogleDrive-apazent@gmail.com/.shortcut-targets-by-id/1exBA-7XrpLfZc6s8oGNYTbmjGsu5dT6p/Gurung stimuli/6_sleep_pluck tomatoes/2
d007_s1_it_ic,7,007_sit_make_fire,sit_make_fire,1,set1,it_ic,intransitive_incohesive,incohesive,intransitive,3,/Users/matveikurzukov/Library/CloudStorage/GoogleDrive-apazent@gmail.com/.shortcut-targets-by-id/1exBA-7XrpLfZc6s8oGNYTbmjGsu5dT6p/Gurung stimuli/7_sit_make fire/1/ic_1.png,ic_1,/Users/matveikurzukov/Library/CloudStorage/GoogleDrive-apazent@gmail.com/.shortcut-targets-by-id/1exBA-7XrpLfZc6s8oGNYTbmjGsu5dT6p/Gurung stimuli/7_sit_make fire/1/it_target.png,it_target,/Users/matveikurzukov/Library/CloudStorage/GoogleDrive-apazent@gmail.com/.shortcut-targets-by-id/1exBA-7XrpLfZc6s8oGNYTbmjGsu5dT6p/Gurung stimuli/7_sit_make fire/1/end_ic_it.png,end_ic_it,,,/Users/matveikurzukov/Library/CloudStorage/GoogleDrive-apazent@gmail.com/.shortcut-targets-by-id/1exBA-7XrpLfZc6s8oGNYTbmjGsu5dT6p/Gurung stimuli/7_sit_make fire,/Users/matveikurzukov/Library/CloudStorage/GoogleDrive-apazent@gmail.com/.shortcut-targets-by-id/1exBA-7XrpLfZc6s8oGNYTbmjGsu5dT6p/Gurung stimuli/7_sit_make fire/1
d008_s2_tr_coh,8,008_smile_weave_garland,smile_weave_garland,2,set2,tr_coh,transitive_cohesive,cohesive,transitive,3,/Users/matveikurzukov/Library/CloudStorage/GoogleDrive-apazent@gmail.com/.shortcut-targets-by-id/1exBA-7XrpLfZc6s8oGNYTbmjGsu5dT6p/Gurung stimuli/8_smile_weave garland/2/coh_1.png,coh_1,/Users/matveikurzukov/Library/CloudStorage/GoogleDrive-apazent@gmail.com/.shortcut-targets-by-id/1exBA-7XrpLfZc6s8oGNYTbmjGsu5dT6p/Gurung stimuli/8_smile_weave garland/2/coh_2.png,coh_2,/Users/matveikurzukov/Library/CloudStorage/GoogleDrive-apazent@gmail.com/.shortcut-targets-by-id/1exBA-7XrpLfZc6s8oGNYTbmjGsu5dT6p/Gurung stimuli/8_smile_weave garland/2/tr_target.png,tr_target,,,/Users/matveikurzukov/Library/CloudStorage/GoogleDrive-apazent@gmail.com/.shortcut-targets-by-id/1exBA-7XrpLfZc6s8oGNYTbmjGsu5dT6p/Gurung stimuli/8_smile_weave garland,/Users/matveikurzukov/Library/CloudStorage/GoogleDrive-apazent@gmail.com/.shortcut-targets-by-id/1exBA-7XrpLfZc6s8oGNYTbmjGsu5dT6p/Gurung stimuli/8_smile_weave garland/2
d009_s1_it_coh,9,009_descend_harvest_rice,descend_harvest_rice,1,set1,it_coh,intransitive_cohesive,cohesive,intransitive,4,/Users/matveikurzukov/Library/CloudStorage/GoogleDrive-apazent@gmail.com/.shortcut-targets-by-id/1exBA-7XrpLfZc6s8oGNYTbmjGsu5dT6p/Gurung stimuli/9_descend_harvest rice/1/coh_1.png,coh_1,/Users/matveikurzukov/Library/CloudStorage/GoogleDrive-apazent@gmail.com/.shortcut-targets-by-id/1exBA-7XrpLfZc6s8oGNYTbmjGsu5dT6p/Gurung stimuli/9_descend_harvest rice/1/coh_2.png,coh_2,/Users/matveikurzukov/Library/CloudStorage/GoogleDrive-apazent@gmail.com/.shortcut-targets-by-id/1exBA-7XrpLfZc6s8oGNYTbmjGsu5dT6p/Gurung stimuli/9_descend_harvest rice/1/it_target.png,it_target,/Users/matveikurzukov/Library/CloudStorage/GoogleDrive-apazent@gmail.com/.shortcut-targets-by-id/1exBA-7XrpLfZc6s8oGNYTbmjGsu5dT6p/Gurung stimuli/9_descend_harvest rice/1/end_coh_it.png,end_coh_it,/Users/matveikurzukov/Library/CloudStorage/GoogleDrive-apazent@gmail.com/.shortcut-targets-by-id/1exBA-7XrpLfZc6s8oGNYTbmjGsu5dT6p/Gurung stimuli/9_descend_harvest rice,/Users/matveikurzukov/Library/CloudStorage/GoogleDrive-apazent@gmail.com/.shortcut-targets-by-id/1exBA-7XrpLfZc6s8oGNYTbmjGsu5dT6p/Gurung stimuli/9_descend_harvest rice/1
d010_s2_tr_ic,10,010_run_cook_pancakes,run_cook_pancakes,2,set2,tr_ic,transitive_incohesive,incohesive,transitive,3,/Users/matveikurzukov/Library/CloudStorage/GoogleDrive-apazent@gmail.com/.shortcut-targets-by-id/1exBA-7XrpLfZc6s8oGNYTbmjGsu5dT6p/Gurung stimuli/10_run_cook pancakes/2/ic_1.png,ic_1,/Users/matveikurzukov/Library/CloudStorage/GoogleDrive-apazent@gmail.com/.shortcut-targets-by-id/1exBA-7XrpLfZc6s8oGNYTbmjGsu5dT6p/Gurung stimuli/10_run_cook pancakes/2/tr_target.png,tr_target,/Users/matveikurzukov/Library/CloudStorage/GoogleDrive-apazent@gmail.com/.shortcut-targets-by-id/1exBA-7XrpLfZc6s8oGNYTbmjGsu5dT6p/Gurung stimuli/10_run_cook pancakes/2/end_ic_tr.png,end_ic_tr,,,/Users/matveikurzukov/Library/CloudStorage/GoogleDrive-apazent@gmail.com/.shortcut-targets-by-id/1exBA-7XrpLfZc6s8oGNYTbmjGsu5dT6p/Gurung stimuli/10_run_cook pancakes,/Users/matveikurzukov/Library/CloudStorage/GoogleDrive-apazent@gmail.com/.shortcut-targets-by-id/1exBA-7XrpLfZc6s8oGNYTbmjGsu5dT6p/Gurung stimuli/10_run_cook pancakes/2
d011_s1_it_ic,11,011_ascend_wipe_plate,ascend_wipe_plate,1,set1,it_ic,intransitive_incohesive,incohesive,intransitive,3,/Users/matveikurzukov/Library/CloudStorage/GoogleDrive-apazent@gmail.com/.shortcut-targets-by-id/1exBA-7XrpLfZc6s8oGNYTbmjGsu5dT6p/Gurung stimuli/11_ascend_wipe plate/1/ic_1.png,ic_1,/Users/matveikurzukov/Library/CloudStorage/GoogleDrive-apazent@gmail.com/.shortcut-targets-by-id/1exBA-7XrpLfZc6s8oGNYTbmjGsu5dT6p/Gurung stimuli/11_ascend_wipe plate/1/it_target.png,it_target,/Users/matveikurzukov/Library/CloudStorage/GoogleDrive-apazent@gmail.com/.shortcut-targets-by-id/1exBA-7XrpLfZc6s8oGNYTbmjGsu5dT6p/Gurung stimuli/11_ascend_wipe plate/1/end_ic_it.png,end_ic_it,,,/Users/matveikurzukov/Library/CloudStorage/GoogleDrive-apazent@gmail.com/.shortcut-targets-by-id/1exBA-7XrpLfZc6s8oGNYTbmjGsu5dT6p/Gurung stimuli/11_ascend_wipe plate,/Users/matveikurzukov/Library/CloudStorage/GoogleDrive-apazent@gmail.com/.shortcut-targets-by-id/1exBA-7XrpLfZc6s8oGNYTbmjGsu5dT6p/Gurung stimuli/11_ascend_wipe plate/1
d012_s2_tr_coh,12,012_come_eat_rice,come_eat_rice,2,set2,tr_coh,transitive_cohesive,cohesive,transitive,3,/Users/matveikurzukov/Library/CloudStorage/GoogleDrive-apazent@gmail.com/.shortcut-targets-by-id/1exBA-7XrpLfZc6s8oGNYTbmjGsu5dT6p/Gurung stimuli/12_come_eat rice/2/coh_1.png,coh_1,/Users/matveikurzukov/Library/CloudStorage/GoogleDrive-apazent@gmail.com/.shortcut-targets-by-id/1exBA-7XrpLfZc6s8oGNYTbmjGsu5dT6p/Gurung stimuli/12_come_eat rice/2/coh_2.png,coh_2,/Users/matveikurzukov/Library/CloudStorage/GoogleDrive-apazent@gmail.com/.shortcut-targets-by-id/1exBA-7XrpLfZc6s8oGNYTbmjGsu5dT6p/Gurung stimuli/12_come_eat rice/2/tr_target.png,tr_target,,,/Users/matveikurzukov/Library/CloudStorage/GoogleDrive-apazent@gmail.com/.shortcut-targets-by-id/1exBA-7XrpLfZc6s8oGNYTbmjGsu5dT6p/Gurung stimuli/12_come_eat rice,/Users/matveikurzukov/Library/CloudStorage/GoogleDrive-apazent@gmail.com/.shortcut-targets-by-id/1exBA-7XrpLfZc6s8oGNYTbmjGsu5dT6p/Gurung stimuli/12_come_eat rice/2
d013_s1_it_coh,13,013_stand_wash_clothes,stand_wash_clothes,1,set1,it_coh,intransitive_cohesive,cohesive,intransitive,4,/Users/matveikurzukov/Library/CloudStorage/GoogleDrive-apazent@gmail.com/.shortcut-targets-by-id/1exBA-7XrpLfZc6s8oGNYTbmjGsu5dT6p/Gurung stimuli/13_stand_wash clothes/1/coh_1.png,coh_1,/Users/matveikurzukov/Library/CloudStorage/GoogleDrive-apazent@gmail.com/.shortcut-targets-by-id/1exBA-7XrpLfZc6s8oGNYTbmjGsu5dT6p/Gurung stimuli/13_stand_wash clothes/1/coh_2.png,coh_2,/Users/matveikurzukov/Library/CloudStorage/GoogleDrive-apazent@gmail.com/.shortcut-targets-by-id/1exBA-7XrpLfZc6s8oGNYTbmjGsu5dT6p/Gurung stimuli/13_stand_wash clothes/1/it_target.png,it_target,/Users/matveikurzukov/Library/CloudStorage/GoogleDrive-apazent@gmail.com/.shortcut-targets-by-id/1exBA-7XrpLfZc6s8oGNYTbmjGsu5dT6p/Gurung stimuli/13_stand_wash clothes/1/end_coh_it.png,end_coh_it,/Users/matveikurzukov/Library/CloudStorage/GoogleDrive-apazent@gmail.com/.shortcut-targets-by-id/1exBA-7XrpLfZc6s8oGNYTbmjGsu5dT6p/Gurung stimuli/13_stand_wash clothes,/Users/matveikurzukov/Library/CloudStorage/GoogleDrive-apazent@gmail.com/.shortcut-targets-by-id/1exBA-7XrpLfZc6s8oGNYTbmjGsu5dT6p/Gurung stimuli/13_stand_wash clothes/1
d014_s2_tr_ic,14,014_ascend_weave_raincoat,ascend_weave_raincoat,2,set2,tr_ic,transitive_incohesive,incohesive,transitive,3,/Users/matveikurzukov/Library/CloudStorage/GoogleDrive-apazent@gmail.com/.shortcut-targets-by-id/1exBA-7XrpLfZc6s8oGNYTbmjGsu5dT6p/Gurung stimuli/14_ascend_weave raincoat/2/ic_1.png,ic_1,/Users/matveikurzukov/Library/CloudStorage/GoogleDrive-apazent@gmail.com/.shortcut-targets-by-id/1exBA-7XrpLfZc6s8oGNYTbmjGsu5dT6p/Gurung stimuli/14_ascend_weave raincoat/2/tr_target.png,tr_target,/Users/matveikurzukov/Library/CloudStorage/GoogleDrive-apazent@gmail.com/.shortcut-targets-by-id/1exBA-7XrpLfZc6s8oGNYTbmjGsu5dT6p/Gurung stimuli/14_ascend_weave raincoat/2/end_ic_tr.png,end_ic_tr,,,/Users/matveikurzukov/Library/CloudStorage/GoogleDrive-apazent@gmail.com/.shortcut-targets-by-id/1exBA-7XrpLfZc6s8oGNYTbmjGsu5dT6p/Gurung stimuli/14_ascend_weave raincoat,/Users/matveikurzukov/Library/CloudStorage/GoogleDrive-apazent@gmail.com/.shortcut-targets-by-id/1exBA-7XrpLfZc6s8oGNYTbmjGsu5dT6p/Gurung stimuli/14_ascend_weave raincoat/2
d015_s1_it_ic,15,015_smile_clean_wall,smile_clean_wall,1,set1,it_ic,intransitive_incohesive,incohesive,intransitive,3,/Users/matveikurzukov/Library/CloudStorage/GoogleDrive-apazent@gmail.com/.shortcut-targets-by-id/1exBA-7XrpLfZc6s8oGNYTbmjGsu5dT6p/Gurung stimuli/15_smile_clean wall/1/ic_1.png,ic_1,/Users/matveikurzukov/Library/CloudStorage/GoogleDrive-apazent@gmail.com/.shortcut-targets-by-id/1exBA-7XrpLfZc6s8oGNYTbmjGsu5dT6p/Gurung stimuli/15_smile_clean wall/1/it_target.png,it_target,/Users/matveikurzukov/Library/CloudStorage/GoogleDrive-apazent@gmail.com/.shortcut-targets-by-id/1exBA-7XrpLfZc6s8oGNYTbmjGsu5dT6p/Gurung stimuli/15_smile_clean wall/1/end_ic_it.png,end_ic_it,,,/Users/matveikurzukov/Library/CloudStorage/GoogleDrive-apazent@gmail.com/.shortcut-targets-by-id/1exBA-7XrpLfZc6s8oGNYTbmjGsu5dT6p/Gurung stimuli/15_smile_clean wall,/Users/matveikurzukov/Library/CloudStorage/GoogleDrive-apazent@gmail.com/.shortcut-targets-by-id/1exBA-7XrpLfZc6s8oGNYTbmjGsu5dT6p/Gurung stimuli/15_smile_clean wall/1
d016_s2_tr_coh,16,016_sleep_wash_dish,sleep_wash_dish,2,set2,tr_coh,transitive_cohesive,cohesive,transitive,3,/Users/matveikurzukov/Library/CloudStorage/GoogleDrive-apazent@gmail.com/.shortcut-targets-by-id/1exBA-7XrpLfZc6s8oGNYTbmjGsu5dT6p/Gurung stimuli/16_sleep_wash dish/2/coh_1.png,coh_1,/Users/matveikurzukov/Library/CloudStorage/GoogleDrive-apazent@gmail.com/.shortcut-targets-by-id/1exBA-7XrpLfZc6s8oGNYTbmjGsu5dT6p/Gurung stimuli/16_sleep_wash dish/2/coh_2.png,coh_2,/Users/matveikurzukov/Library/CloudStorage/GoogleDrive-apazent@gmail.com/.shortcut-targets-by-id/1exBA-7XrpLfZc6s8oGNYTbmjGsu5dT6p/Gurung stimuli/16_sleep_wash dish/2/tr_target.png,tr_target,,,/Users/matveikurzukov/Library/CloudStorage/GoogleDrive-apazent@gmail.com/.shortcut-targets-by-id/1exBA-7XrpLfZc6s8oGNYTbmjGsu5dT6p/Gurung stimuli/16_sleep_wash dish,/Users/matveikurzukov/Library/CloudStorage/GoogleDrive-apazent@gmail.com/.shortcut-targets-by-id/1exBA-7XrpLfZc6s8oGNYTbmjGsu5dT6p/Gurung stimuli/16_sleep_wash dish/2
d017_s1_it_coh,17,017_rest_hang_picture,rest_hang_picture,1,set1,it_coh,intransitive_cohesive,cohesive,intransitive,4,/Users/matveikurzukov/Library/CloudStorage/GoogleDrive-apazent@gmail.com/.shortcut-targets-by-id/1exBA-7XrpLfZc6s8oGNYTbmjGsu5dT6p/Gurung stimuli/17_rest_hang picture/1/coh_1.png,coh_1,/Users/matveikurzukov/Library/CloudStorage/GoogleDrive-apazent@gmail.com/.shortcut-targets-by-id/1exBA-7XrpLfZc6s8oGNYTbmjGsu5dT6p/Gurung stimuli/17_rest_hang picture/1/coh_2.png,coh_2,/Users/matveikurzukov/Library/CloudStorage/GoogleDrive-apazent@gmail.com/.shortcut-targets-by-id/1exBA-7XrpLfZc6s8oGNYTbmjGsu5dT6p/Gurung stimuli/17_rest_hang picture/1/it_target.png,it_target,/Users/matveikurzukov/Library/CloudStorage/GoogleDrive-apazent@gmail.com/.shortcut-targets-by-id/1exBA-7XrpLfZc6s8oGNYTbmjGsu5dT6p/Gurung stimuli/17_rest_hang picture/1/end_coh_it.png,end_coh_it,/Users/matveikurzukov/Library/CloudStorage/GoogleDrive-apazent@gmail.com/.shortcut-targets-by-id/1exBA-7XrpLfZc6s8oGNYTbmjGsu5dT6p/Gurung stimuli/17_rest_hang picture,/Users/matveikurzukov/Library/CloudStorage/GoogleDrive-apazent@gmail.com/.shortcut-targets-by-id/1exBA-7XrpLfZc6s8oGNYTbmjGsu5dT6p/Gurung stimuli/17_rest_hang picture/1
d018_s2_tr_ic,18,018_yawn_put_on_cap,yawn_put_on_cap,2,set2,tr_ic,transitive_incohesive,incohesive,transitive,3,/Users/matveikurzukov/Library/CloudStorage/GoogleDrive-apazent@gmail.com/.shortcut-targets-by-id/1exBA-7XrpLfZc6s8oGNYTbmjGsu5dT6p/Gurung stimuli/18_yawn_put on cap/2/ic_1.png,ic_1,/Users/matveikurzukov/Library/CloudStorage/GoogleDrive-apazent@gmail.com/.shortcut-targets-by-id/1exBA-7XrpLfZc6s8oGNYTbmjGsu5dT6p/Gurung stimuli/18_yawn_put on cap/2/tr_target.png,tr_target,/Users/matveikurzukov/Library/CloudStorage/GoogleDrive-apazent@gmail.com/.shortcut-targets-by-id/1exBA-7XrpLfZc6s8oGNYTbmjGsu5dT6p/Gurung stimuli/18_yawn_put on cap/2/end_ic_tr.png,end_ic_tr,,,/Users/matveikurzukov/Library/CloudStorage/GoogleDrive-apazent@gmail.com/.shortcut-targets-by-id/1exBA-7XrpLfZc6s8oGNYTbmjGsu5dT6p/Gurung stimuli/18_yawn_put on cap,/Users/matveikurzukov/Library/CloudStorage/GoogleDrive-apazent@gmail.com/.shortcut-targets-by-id/1exBA-7XrpLfZc6s8oGNYTbmjGsu5dT6p/Gurung stimuli/18_yawn_put on cap/2
d019_s1_it_ic,19,019_sit_crack_egg,sit_crack_egg,1,set1,it_ic,intransitive_incohesive,incohesive,intransitive,3,/Users/matveikurzukov/Library/CloudStorage/GoogleDrive-apazent@gmail.com/.shortcut-targets-by-id/1exBA-7XrpLfZc6s8oGNYTbmjGsu5dT6p/Gurung stimuli/19_sit_crack egg/1/ic_1.png,ic_1,/Users/matveikurzukov/Library/CloudStorage/GoogleDrive-apazent@gmail.com/.shortcut-targets-by-id/1exBA-7XrpLfZc6s8oGNYTbmjGsu5dT6p/Gurung stimuli/19_sit_crack egg/1/it_target.png,it_target,/Users/matveikurzukov/Library/CloudStorage/GoogleDrive-apazent@gmail.com/.shortcut-targets-by-id/1exBA-7XrpLfZc6s8oGNYTbmjGsu5dT6p/Gurung stimuli/19_sit_crack egg/1/end_ic_it.png,end_ic_it,,,/Users/matveikurzukov/Library/CloudStorage/GoogleDrive-apazent@gmail.com/.shortcut-targets-by-id/1exBA-7XrpLfZc6s8oGNYTbmjGsu5dT6p/Gurung stimuli/19_sit_crack egg,/Users/matveikurzukov/Library/CloudStorage/GoogleDrive-apazent@gmail.com/.shortcut-targets-by-id/1exBA-7XrpLfZc6s8oGNYTbmjGsu5dT6p/Gurung stimuli/19_sit_crack egg/1
d020_s2_tr_coh,20,020_come_plant_sapling,come_plant_sapling,2,set2,tr_coh,transitive_cohesive,cohesive,transitive,3,/Users/matveikurzukov/Library/CloudStorage/GoogleDrive-apazent@gmail.com/.shortcut-targets-by-id/1exBA-7XrpLfZc6s8oGNYTbmjGsu5dT6p/Gurung stimuli/20_come_plant sapling/2/coh_1.png,coh_1,/Users/matveikurzukov/Library/CloudStorage/GoogleDrive-apazent@gmail.com/.shortcut-targets-by-id/1exBA-7XrpLfZc6s8oGNYTbmjGsu5dT6p/Gurung stimuli/20_come_plant sapling/2/coh_2.png,coh_2,/Users/matveikurzukov/Library/CloudStorage/GoogleDrive-apazent@gmail.com/.shortcut-targets-by-id/1exBA-7XrpLfZc6s8oGNYTbmjGsu5dT6p/Gurung stimuli/20_come_plant sapling/2/tr_target.png,tr_target,,,/Users/matveikurzukov/Library/CloudStorage/GoogleDrive-apazent@gmail.com/.shortcut-targets-by-id/1exBA-7XrpLfZc6s8oGNYTbmjGsu5dT6p/Gurung stimuli/20_come_plant sapling,/Users/matveikurzukov/Library/CloudStorage/GoogleDrive-apazent@gmail.com/.shortcut-targets-by-id/1exBA-7XrpLfZc6s8oGNYTbmjGsu5dT6p/Gurung stimuli/20_come_plant sapling/2
d021_s1_it_coh,21,021_cough_burn_bottles,cough_burn_bottles,1,set1,it_coh,intransitive_cohesive,cohesive,intransitive,4,/Users/matveikurzukov/Library/CloudStorage/GoogleDrive-apazent@gmail.com/.shortcut-targets-by-id/1exBA-7XrpLfZc6s8oGNYTbmjGsu5dT6p/Gurung stimuli/21_cough_burn bottles/1/coh_1.png,coh_1,/Users/matveikurzukov/Library/CloudStorage/GoogleDrive-apazent@gmail.com/.shortcut-targets-by-id/1exBA-7XrpLfZc6s8oGNYTbmjGsu5dT6p/Gurung stimuli/21_cough_burn bottles/1/coh_2.png,coh_2,/Users/matveikurzukov/Library/CloudStorage/GoogleDrive-apazent@gmail.com/.shortcut-targets-by-id/1exBA-7XrpLfZc6s8oGNYTbmjGsu5dT6p/Gurung stimuli/21_cough_burn bottles/1/it_target.png,it_target,/Users/matveikurzukov/Library/CloudStorage/GoogleDrive-apazent@gmail.com/.shortcut-targets-by-id/1exBA-7XrpLfZc6s8oGNYTbmjGsu5dT6p/Gurung stimuli/21_cough_burn bottles/1/end_coh_it.png,end_coh_it,/Users/matveikurzukov/Library/CloudStorage/GoogleDrive-apazent@gmail.com/.shortcut-targets-by-id/1exBA-7XrpLfZc6s8oGNYTbmjGsu5dT6p/Gurung stimuli/21_cough_burn bottles,/Users/matveikurzukov/Library/CloudStorage/GoogleDrive-apazent@gmail.com/.shortcut-targets-by-id/1exBA-7XrpLfZc6s8oGNYTbmjGsu5dT6p/Gurung stimuli/21_cough_burn bottles/1
d022_s2_tr_ic,22,022_come_push_chest,come_push_chest,2,set2,tr_ic,transitive_incohesive,incohesive,transitive,3,/Users/matveikurzukov/Library/CloudStorage/GoogleDrive-apazent@gmail.com/.shortcut-targets-by-id/1exBA-7XrpLfZc6s8oGNYTbmjGsu5dT6p/Gurung stimuli/22_come_push chest/2/ic_1.png,ic_1,/Users/matveikurzukov/Library/CloudStorage/GoogleDrive-apazent@gmail.com/.shortcut-targets-by-id/1exBA-7XrpLfZc6s8oGNYTbmjGsu5dT6p/Gurung stimuli/22_come_push chest/2/tr_target.png,tr_target,/Users/matveikurzukov/Library/CloudStorage/GoogleDrive-apazent@gmail.com/.shortcut-targets-by-id/1exBA-7XrpLfZc6s8oGNYTbmjGsu5dT6p/Gurung stimuli/22_come_push chest/2/end_ic_tr.png,end_ic_tr,,,/Users/matveikurzukov/Library/CloudStorage/GoogleDrive-apazent@gmail.com/.shortcut-targets-by-id/1exBA-7XrpLfZc6s8oGNYTbmjGsu5dT6p/Gurung stimuli/22_come_push chest,/Users/matveikurzukov/Library/CloudStorage/GoogleDrive-apazent@gmail.com/.shortcut-targets-by-id/1exBA-7XrpLfZc6s8oGNYTbmjGsu5dT6p/Gurung stimuli/22_come_push chest/2
d023_s1_it_ic,23,023_stand_tear_paper,stand_tear_paper,1,set1,it_ic,intransitive_incohesive,incohesive,intransitive,3,/Users/matveikurzukov/Library/CloudStorage/GoogleDrive-apazent@gmail.com/.shortcut-targets-by-id/1exBA-7XrpLfZc6s8oGNYTbmjGsu5dT6p/Gurung stimuli/23_stand_tear paper/1/ic_1.png,ic_1,/Users/matveikurzukov/Library/CloudStorage/GoogleDrive-apazent@gmail.com/.shortcut-targets-by-id/1exBA-7XrpLfZc6s8oGNYTbmjGsu5dT6p/Gurung stimuli/23_stand_tear paper/1/it_target.png,it_target,/Users/matveikurzukov/Library/CloudStorage/GoogleDrive-apazent@gmail.com/.shortcut-targets-by-id/1exBA-7XrpLfZc6s8oGNYTbmjGsu5dT6p/Gurung stimuli/23_stand_tear paper/1/end_ic_it.png,end_ic_it,,,/Users/matveikurzukov/Library/CloudStorage/GoogleDrive-apazent@gmail.com/.shortcut-targets-by-id/1exBA-7XrpLfZc6s8oGNYTbmjGsu5dT6p/Gurung stimuli/23_stand_tear paper,/Users/matveikurzukov/Library/CloudStorage/GoogleDrive-apazent@gmail.com/.shortcut-targets-by-id/1exBA-7XrpLfZc6s8oGNYTbmjGsu5dT6p/Gurung stimuli/23_stand_tear paper/1
d024_s2_tr_coh,24,024_descend_paint_bench,descend_paint_bench,2,set2,tr_coh,transitive_cohesive,cohesive,transitive,3,/Users/matveikurzukov/Library/CloudStorage/GoogleDrive-apazent@gmail.com/.shortcut-targets-by-id/1exBA-7XrpLfZc6s8oGNYTbmjGsu5dT6p/Gurung stimuli/24_descend_paint bench/2/coh_1.png,coh_1,/Users/matveikurzukov/Library/CloudStorage/GoogleDrive-apazent@gmail.com/.shortcut-targets-by-id/1exBA-7XrpLfZc6s8oGNYTbmjGsu5dT6p/Gurung stimuli/24_descend_paint bench/2/coh_2.png,coh_2,/Users/matveikurzukov/Library/CloudStorage/GoogleDrive-apazent@gmail.com/.shortcut-targets-by-id/1exBA-7XrpLfZc6s8oGNYTbmjGsu5dT6p/Gurung stimuli/24_descend_paint bench/2/tr_target.png,tr_target,,,/Users/matveikurzukov/Library/CloudStorage/GoogleDrive-apazent@gmail.com/.shortcut-targets-by-id/1exBA-7XrpLfZc6s8oGNYTbmjGsu5dT6p/Gurung stimuli/24_descend_paint bench,/Users/matveikurzukov/Library/CloudStorage/GoogleDrive-apazent@gmail.com/.shortcut-targets-by-id/1exBA-7XrpLfZc6s8oGNYTbmjGsu5dT6p/Gurung stimuli/24_descend_paint bench/2
d025_s1_it_coh,25,025_yawn_lock_door,yawn_lock_door,1,set1,it_coh,intransitive_cohesive,cohesive,intransitive,4,/Users/matveikurzukov/Library/CloudStorage/GoogleDrive-apazent@gmail.com/.shortcut-targets-by-id/1exBA-7XrpLfZc6s8oGNYTbmjGsu5dT6p/Gurung stimuli/25_yawn_lock door/1/coh_1.png,coh_1,/Users/matveikurzukov/Library/CloudStorage/GoogleDrive-apazent@gmail.com/.shortcut-targets-by-id/1exBA-7XrpLfZc6s8oGNYTbmjGsu5dT6p/Gurung stimuli/25_yawn_lock door/1/coh_2.png,coh_2,/Users/matveikurzukov/Library/CloudStorage/GoogleDrive-apazent@gmail.com/.shortcut-targets-by-id/1exBA-7XrpLfZc6s8oGNYTbmjGsu5dT6p/Gurung stimuli/25_yawn_lock door/1/it_target.png,it_target,/Users/matveikurzukov/Library/CloudStorage/GoogleDrive-apazent@gmail.com/.shortcut-targets-by-id/1exBA-7XrpLfZc6s8oGNYTbmjGsu5dT6p/Gurung stimuli/25_yawn_lock door/1/end_coh_it.png,end_coh_it,/Users/matveikurzukov/Library/CloudStorage/GoogleDrive-apazent@gmail.com/.shortcut-targets-by-id/1exBA-7XrpLfZc6s8oGNYTbmjGsu5dT6p/Gurung stimuli/25_yawn_lock door,/Users/matveikurzukov/Library/CloudStorage/GoogleDrive-apazent@gmail.com/.shortcut-targets-by-id/1exBA-7XrpLfZc6s8oGNYTbmjGsu5dT6p/Gurung stimuli/25_yawn_lock door/1
d026_s2_tr_ic,26,026_sleep_drag_log,sleep_drag_log,2,set2,tr_ic,transitive_incohesive,incohesive,transitive,3,/Users/matveikurzukov/Library/CloudStorage/GoogleDrive-apazent@gmail.com/.shortcut-targets-by-id/1exBA-7XrpLfZc6s8oGNYTbmjGsu5dT6p/Gurung stimuli/26_sleep_drag log/2/ic_1.png,ic_1,/Users/matveikurzukov/Library/CloudStorage/GoogleDrive-apazent@gmail.com/.shortcut-targets-by-id/1exBA-7XrpLfZc6s8oGNYTbmjGsu5dT6p/Gurung stimuli/26_sleep_drag log/2/tr_target.png,tr_target,/Users/matveikurzukov/Library/CloudStorage/GoogleDrive-apazent@gmail.com/.shortcut-targets-by-id/1exBA-7XrpLfZc6s8oGNYTbmjGsu5dT6p/Gurung stimuli/26_sleep_drag log/2/end_ic_tr.png,end_ic_tr,,,/Users/matveikurzukov/Library/CloudStorage/GoogleDrive-apazent@gmail.com/.shortcut-targets-by-id/1exBA-7XrpLfZc6s8oGNYTbmjGsu5dT6p/Gurung stimuli/26_sleep_drag log,/Users/matveikurzukov/Library/CloudStorage/GoogleDrive-apazent@gmail.com/.shortcut-targets-by-id/1exBA-7XrpLfZc6s8oGNYTbmjGsu5dT6p/Gurung stimuli/26_sleep_drag log/2
d027_s1_it_ic,27,027_jump_pull_blanket,jump_pull_blanket,1,set1,it_ic,intransitive_incohesive,incohesive,intransitive,3,/Users/matveikurzukov/Library/CloudStorage/GoogleDrive-apazent@gmail.com/.shortcut-targets-by-id/1exBA-7XrpLfZc6s8oGNYTbmjGsu5dT6p/Gurung stimuli/27_jump_pull blanket/1/ic_1.png,ic_1,/Users/matveikurzukov/Library/CloudStorage/GoogleDrive-apazent@gmail.com/.shortcut-targets-by-id/1exBA-7XrpLfZc6s8oGNYTbmjGsu5dT6p/Gurung stimuli/27_jump_pull blanket/1/it_target.png,it_target,/Users/matveikurzukov/Library/CloudStorage/GoogleDrive-apazent@gmail.com/.shortcut-targets-by-id/1exBA-7XrpLfZc6s8oGNYTbmjGsu5dT6p/Gurung stimuli/27_jump_pull blanket/1/end_ic_it.png,end_ic_it,,,/Users/matveikurzukov/Library/CloudStorage/GoogleDrive-apazent@gmail.com/.shortcut-targets-by-id/1exBA-7XrpLfZc6s8oGNYTbmjGsu5dT6p/Gurung stimuli/27_jump_pull blanket,/Users/matveikurzukov/Library/CloudStorage/GoogleDrive-apazent@gmail.com/.shortcut-targets-by-id/1exBA-7XrpLfZc6s8oGNYTbmjGsu5dT6p/Gurung stimuli/27_jump_pull blanket/1
d028_s2_tr_coh,28,028_jump_peel_orange,jump_peel_orange,2,set2,tr_coh,transitive_cohesive,cohesive,transitive,3,/Users/matveikurzukov/Library/CloudStorage/GoogleDrive-apazent@gmail.com/.shortcut-targets-by-id/1exBA-7XrpLfZc6s8oGNYTbmjGsu5dT6p/Gurung stimuli/28_jump_peel orange/2/coh_1.png,coh_1,/Users/matveikurzukov/Library/CloudStorage/GoogleDrive-apazent@gmail.com/.shortcut-targets-by-id/1exBA-7XrpLfZc6s8oGNYTbmjGsu5dT6p/Gurung stimuli/28_jump_peel orange/2/coh_2.png,coh_2,/Users/matveikurzukov/Library/CloudStorage/GoogleDrive-apazent@gmail.com/.shortcut-targets-by-id/1exBA-7XrpLfZc6s8oGNYTbmjGsu5dT6p/Gurung stimuli/28_jump_peel orange/2/tr_target.png,tr_target,,,/Users/matveikurzukov/Library/CloudStorage/GoogleDrive-apazent@gmail.com/.shortcut-targets-by-id/1exBA-7XrpLfZc6s8oGNYTbmjGsu5dT6p/Gurung stimuli/28_jump_peel orange,/Users/matveikurzukov/Library/CloudStorage/GoogleDrive-apazent@gmail.com/.shortcut-targets-by-id/1exBA-7XrpLfZc6s8oGNYTbmjGsu5dT6p/Gurung stimuli/28_jump_peel orange/2
d029_s1_it_coh,29,029_sit_cut_potato,sit_cut_potato,1,set1,it_coh,intransitive_cohesive,cohesive,intransitive,4,/Users/matveikurzukov/Library/CloudStorage/GoogleDrive-apazent@gmail.com/.shortcut-targets-by-id/1exBA-7XrpLfZc6s8oGNYTbmjGsu5dT6p/Gurung stimuli/29_sit_cut potato/1/coh_1.png,coh_1,/Users/matveikurzukov/Library/CloudStorage/GoogleDrive-apazent@gmail.com/.shortcut-targets-by-id/1exBA-7XrpLfZc6s8oGNYTbmjGsu5dT6p/Gurung stimuli/29_sit_cut potato/1/coh_2.png,coh_2,/Users/matveikurzukov/Library/CloudStorage/GoogleDrive-apazent@gmail.com/.shortcut-targets-by-id/1exBA-7XrpLfZc6s8oGNYTbmjGsu5dT6p/Gurung stimuli/29_sit_cut potato/1/it_target.png,it_target,/Users/matveikurzukov/Library/CloudStorage/GoogleDrive-apazent@gmail.com/.shortcut-targets-by-id/1exBA-7XrpLfZc6s8oGNYTbmjGsu5dT6p/Gurung stimuli/29_sit_cut potato/1/end_coh_it.png,end_coh_it,/Users/matveikurzukov/Library/CloudStorage/GoogleDrive-apazent@gmail.com/.shortcut-targets-by-id/1exBA-7XrpLfZc6s8oGNYTbmjGsu5dT6p/Gurung stimuli/29_sit_cut potato,/Users/matveikurzukov/Library/CloudStorage/GoogleDrive-apazent@gmail.com/.shortcut-targets-by-id/1exBA-7XrpLfZc6s8oGNYTbmjGsu5dT6p/Gurung stimuli/29_sit_cut potato/1
d030_s2_tr_ic,30,030_smile_make_momos,smile_make_momos,2,set2,tr_ic,transitive_incohesive,incohesive,transitive,3,/Users/matveikurzukov/Library/CloudStorage/GoogleDrive-apazent@gmail.com/.shortcut-targets-by-id/1exBA-7XrpLfZc6s8oGNYTbmjGsu5dT6p/Gurung stimuli/30_smile_make momos/2/ic_1.png,ic_1,/Users/matveikurzukov/Library/CloudStorage/GoogleDrive-apazent@gmail.com/.shortcut-targets-by-id/1exBA-7XrpLfZc6s8oGNYTbmjGsu5dT6p/Gurung stimuli/30_smile_make momos/2/tr_target.png,tr_target,/Users/matveikurzukov/Library/CloudStorage/GoogleDrive-apazent@gmail.com/.shortcut-targets-by-id/1exBA-7XrpLfZc6s8oGNYTbmjGsu5dT6p/Gurung stimuli/30_smile_make momos/2/end_ic_tr.png,end_ic_tr,,,/Users/matveikurzukov/Library/CloudStorage/GoogleDrive-apazent@gmail.com/.shortcut-targets-by-id/1exBA-7XrpLfZc6s8oGNYTbmjGsu5dT6p/Gurung stimuli/30_smile_make momos,/Users/matveikurzukov/Library/CloudStorage/GoogleDrive-apazent@gmail.com/.shortcut-targets-by-id/1exBA-7XrpLfZc6s8oGNYTbmjGsu5dT6p/Gurung stimuli/30_smile_make momos/2
