dataset_number,dataset_slug,dataset_label,image_role,package_path,source_path
1,001_cough_throw_bones,cough_throw bones,ic_1,MainStimuli/001_cough_throw_bones/ic_1.png,/Users/matveikurzukov/Library/CloudStorage/GoogleDrive-apazent@gmail.com/.shortcut-targets-by-id/1exBA-7XrpLfZc6s8oGNYTbmjGsu5dT6p/Gurung stimuli/1_cough_throw bones/1/ic_1.png
1,001_cough_throw_bones,cough_throw bones,coh_1,MainStimuli/001_cough_throw_bones/coh_1.png,/Users/matveikurzukov/Library/CloudStorage/GoogleDrive-apazent@gmail.com/.shortcut-targets-by-id/1exBA-7XrpLfZc6s8oGNYTbmjGsu5dT6p/Gurung stimuli/1_cough_throw bones/1/coh_1.png
1,001_cough_throw_bones,cough_throw bones,coh_2,MainStimuli/001_cough_throw_bones/coh_2.png,/Users/matveikurzukov/Library/CloudStorage/GoogleDrive-apazent@gmail.com/.shortcut-targets-by-id/1exBA-7XrpLfZc6s8oGNYTbmjGsu5dT6p/Gurung stimuli/1_cough_throw bones/1/coh_2.png
1,001_cough_throw_bones,cough_throw bones,tr_target,MainStimuli/001_cough_throw_bones/tr_target.png,/Users/matveikurzukov/Library/CloudStorage/GoogleDrive-apazent@gmail.com/.shortcut-targets-by-id/1exBA-7XrpLfZc6s8oGNYTbmjGsu5dT6p/Gurung stimuli/1_cough_throw bones/1/tr_target.png
1,001_cough_throw_bones,cough_throw bones,it_target,MainStimuli/001_cough_throw_bones/it_target.png,/Users/matveikurzukov/Library/CloudStorage/GoogleDrive-apazent@gmail.com/.shortcut-targets-by-id/1exBA-7XrpLfZc6s8oGNYTbmjGsu5dT6p/Gurung stimuli/1_cough_throw bones/1/it_target.png
1,001_cough_throw_bones,cough_throw bones,end_coh_it,MainStimuli/001_cough_throw_bones/end_coh_it.png,/Users/matveikurzukov/Library/CloudStorage/GoogleDrive-apazent@gmail.com/.shortcut-targets-by-id/1exBA-7XrpLfZc6s8oGNYTbmjGsu5dT6p/Gurung stimuli/1_cough_throw bones/1/end_coh_it.png
1,001_cough_throw_bones,cough_throw bones,end_ic_tr,MainStimuli/001_cough_throw_bones/end_ic_tr.png,/Users/matveikurzukov/Library/CloudStorage/GoogleDrive-apazent@gmail.com/.shortcut-targets-by-id/1exBA-7XrpLfZc6s8oGNYTbmjGsu5dT6p/Gurung stimuli/1_cough_throw bones/1/end_ic_tr.png
1,001_cough_throw_bones,cough_throw bones,end_ic_it,MainStimuli/001_cough_throw_bones/end_ic_it.png,/Users/matveikurzukov/Library/CloudStorage/GoogleDrive-apazent@gmail.com/.shortcut-targets-by-id/1exBA-7XrpLfZc6s8oGNYTbmjGsu5dT6p/Gurung stimuli/1_cough_throw bones/1/end_ic_it.png
2,002_stand_weave_basket,stand_weave basket,ic_1,MainStimuli/002_stand_weave_basket/ic_1.png,/Users/matveikurzukov/Library/CloudStorage/GoogleDrive-apazent@gmail.com/.shortcut-targets-by-id/1exBA-7XrpLfZc6s8oGNYTbmjGsu5dT6p/Gurung stimuli/2_stand_weave basket/1/ic_1.png
2,002_stand_weave_basket,stand_weave basket,coh_1,MainStimuli/002_stand_weave_basket/coh_1.png,/Users/matveikurzukov/Library/CloudStorage/GoogleDrive-apazent@gmail.com/.shortcut-targets-by-id/1exBA-7XrpLfZc6s8oGNYTbmjGsu5dT6p/Gurung stimuli/2_stand_weave basket/1/coh_1.png
2,002_stand_weave_basket,stand_weave basket,coh_2,MainStimuli/002_stand_weave_basket/coh_2.png,/Users/matveikurzukov/Library/CloudStorage/GoogleDrive-apazent@gmail.com/.shortcut-targets-by-id/1exBA-7XrpLfZc6s8oGNYTbmjGsu5dT6p/Gurung stimuli/2_stand_weave basket/1/coh_2.png
2,002_stand_weave_basket,stand_weave basket,tr_target,MainStimuli/002_stand_weave_basket/tr_target.png,/Users/matveikurzukov/Library/CloudStorage/GoogleDrive-apazent@gmail.com/.shortcut-targets-by-id/1exBA-7XrpLfZc6s8oGNYTbmjGsu5dT6p/Gurung stimuli/2_stand_weave basket/1/tr_target.png
2,002_stand_weave_basket,stand_weave basket,it_target,MainStimuli/002_stand_weave_basket/it_target.png,/Users/matveikurzukov/Library/CloudStorage/GoogleDrive-apazent@gmail.com/.shortcut-targets-by-id/1exBA-7XrpLfZc6s8oGNYTbmjGsu5dT6p/Gurung stimuli/2_stand_weave basket/1/it_target.png
2,002_stand_weave_basket,stand_weave basket,end_coh_it,MainStimuli/002_stand_weave_basket/end_coh_it.png,/Users/matveikurzukov/Library/CloudStorage/GoogleDrive-apazent@gmail.com/.shortcut-targets-by-id/1exBA-7XrpLfZc6s8oGNYTbmjGsu5dT6p/Gurung stimuli/2_stand_weave basket/1/end_coh_it.png
2,002_stand_weave_basket,stand_weave basket,end_ic_tr,MainStimuli/002_stand_weave_basket/end_ic_tr.png,/Users/matveikurzukov/Library/CloudStorage/GoogleDrive-apazent@gmail.com/.shortcut-targets-by-id/1exBA-7XrpLfZc6s8oGNYTbmjGsu5dT6p/Gurung stimuli/2_stand_weave basket/1/end_ic_tr.png
2,002_stand_weave_basket,stand_weave basket,end_ic_it,MainStimuli/002_stand_weave_basket/end_ic_it.png,/Users/matveikurzukov/Library/CloudStorage/GoogleDrive-apazent@gmail.com/.shortcut-targets-by-id/1exBA-7XrpLfZc6s8oGNYTbmjGsu5dT6p/Gurung stimuli/2_stand_weave basket/1/end_ic_it.png
3,003_rest_cook_fish,rest_cook fish,ic_1,MainStimuli/003_rest_cook_fish/ic_1.png,/Users/matveikurzukov/Library/CloudStorage/GoogleDrive-apazent@gmail.com/.shortcut-targets-by-id/1exBA-7XrpLfZc6s8oGNYTbmjGsu5dT6p/Gurung stimuli/3_rest_cook fish/1/ic_1.png
3,003_rest_cook_fish,rest_cook fish,coh_1,MainStimuli/003_rest_cook_fish/coh_1.png,/Users/matveikurzukov/Library/CloudStorage/GoogleDrive-apazent@gmail.com/.shortcut-targets-by-id/1exBA-7XrpLfZc6s8oGNYTbmjGsu5dT6p/Gurung stimuli/3_rest_cook fish/1/coh_1.png
3,003_rest_cook_fish,rest_cook fish,coh_2,MainStimuli/003_rest_cook_fish/coh_2.png,/Users/matveikurzukov/Library/CloudStorage/GoogleDrive-apazent@gmail.com/.shortcut-targets-by-id/1exBA-7XrpLfZc6s8oGNYTbmjGsu5dT6p/Gurung stimuli/3_rest_cook fish/1/coh_2.png
3,003_rest_cook_fish,rest_cook fish,tr_target,MainStimuli/003_rest_cook_fish/tr_target.png,/Users/matveikurzukov/Library/CloudStorage/GoogleDrive-apazent@gmail.com/.shortcut-targets-by-id/1exBA-7XrpLfZc6s8oGNYTbmjGsu5dT6p/Gurung stimuli/3_rest_cook fish/1/tr_target.png
3,003_rest_cook_fish,rest_cook fish,it_target,MainStimuli/003_rest_cook_fish/it_target.png,/Users/matveikurzukov/Library/CloudStorage/GoogleDrive-apazent@gmail.com/.shortcut-targets-by-id/1exBA-7XrpLfZc6s8oGNYTbmjGsu5dT6p/Gurung stimuli/3_rest_cook fish/1/it_target.png
3,003_rest_cook_fish,rest_cook fish,end_coh_it,MainStimuli/003_rest_cook_fish/end_coh_it.png,/Users/matveikurzukov/Library/CloudStorage/GoogleDrive-apazent@gmail.com/.shortcut-targets-by-id/1exBA-7XrpLfZc6s8oGNYTbmjGsu5dT6p/Gurung stimuli/3_rest_cook fish/1/end_coh_it.png
3,003_rest_cook_fish,rest_cook fish,end_ic_tr,MainStimuli/003_rest_cook_fish/end_ic_tr.png,/Users/matveikurzukov/Library/CloudStorage/GoogleDrive-apazent@gmail.com/.shortcut-targets-by-id/1exBA-7XrpLfZc6s8oGNYTbmjGsu5dT6p/Gurung stimuli/3_rest_cook fish/1/end_ic_tr.png
3,003_rest_cook_fish,rest_cook fish,end_ic_it,MainStimuli/003_rest_cook_fish/end_ic_it.png,/Users/matveikurzukov/Library/CloudStorage/GoogleDrive-apazent@gmail.com/.shortcut-targets-by-id/1exBA-7XrpLfZc6s8oGNYTbmjGsu5dT6p/Gurung stimuli/3_rest_cook fish/1/end_ic_it.png
4,004_run_drink_tea,run_drink tea,ic_1,MainStimuli/004_run_drink_tea/ic_1.png,/Users/matveikurzukov/Library/CloudStorage/GoogleDrive-apazent@gmail.com/.shortcut-targets-by-id/1exBA-7XrpLfZc6s8oGNYTbmjGsu5dT6p/Gurung stimuli/4_run_drink tea/1/ic_1.png
4,004_run_drink_tea,run_drink tea,coh_1,MainStimuli/004_run_drink_tea/coh_1.png,/Users/matveikurzukov/Library/CloudStorage/GoogleDrive-apazent@gmail.com/.shortcut-targets-by-id/1exBA-7XrpLfZc6s8oGNYTbmjGsu5dT6p/Gurung stimuli/4_run_drink tea/1/coh_1.png
4,004_run_drink_tea,run_drink tea,coh_2,MainStimuli/004_run_drink_tea/coh_2.png,/Users/matveikurzukov/Library/CloudStorage/GoogleDrive-apazent@gmail.com/.shortcut-targets-by-id/1exBA-7XrpLfZc6s8oGNYTbmjGsu5dT6p/Gurung stimuli/4_run_drink tea/1/coh_2.png
4,004_run_drink_tea,run_drink tea,tr_target,MainStimuli/004_run_drink_tea/tr_target.png,/Users/matveikurzukov/Library/CloudStorage/GoogleDrive-apazent@gmail.com/.shortcut-targets-by-id/1exBA-7XrpLfZc6s8oGNYTbmjGsu5dT6p/Gurung stimuli/4_run_drink tea/1/tr_target.png
4,004_run_drink_tea,run_drink tea,it_target,MainStimuli/004_run_drink_tea/it_target.png,/Users/matveikurzukov/Library/CloudStorage/GoogleDrive-apazent@gmail.com/.shortcut-targets-by-id/1exBA-7XrpLfZc6s8oGNYTbmjGsu5dT6p/Gurung stimuli/4_run_drink tea/1/it_target.png
4,004_run_drink_tea,run_drink tea,end_coh_it,MainStimuli/004_run_drink_tea/end_coh_it.png,/Users/matveikurzukov/Library/CloudStorage/GoogleDrive-apazent@gmail.com/.shortcut-targets-by-id/1exBA-7XrpLfZc6s8oGNYTbmjGsu5dT6p/Gurung stimuli/4_run_drink tea/1/end_coh_it.png
4,004_run_drink_tea,run_drink tea,end_ic_tr,MainStimuli/004_run_drink_tea/end_ic_tr.png,/Users/matveikurzukov/Library/CloudStorage/GoogleDrive-apazent@gmail.com/.shortcut-targets-by-id/1exBA-7XrpLfZc6s8oGNYTbmjGsu5dT6p/Gurung stimuli/4_run_drink tea/1/end_ic_tr.png
4,004_run_drink_tea,run_drink tea,end_ic_it,MainStimuli/004_run_drink_tea/end_ic_it.png,/Users/matveikurzukov/Library/CloudStorage/GoogleDrive-apazent@gmail.com/.shortcut-targets-by-id/1exBA-7XrpLfZc6s8oGNYTbmjGsu5dT6p/Gurung stimuli/4_run_drink tea/1/end_ic_it.png
5,005_rest_build_wall,rest_build wall,ic_1,MainStimuli/005_rest_build_wall/ic_1.png,/Users/matveikurzukov/Library/CloudStorage/GoogleDrive-apazent@gmail.com/.shortcut-targets-by-id/1exBA-7XrpLfZc6s8oGNYTbmjGsu5dT6p/Gurung stimuli/5_rest_build wall/1/ic_1.png
5,005_rest_build_wall,rest_build wall,coh_1,MainStimuli/005_rest_build_wall/coh_1.png,/Users/matveikurzukov/Library/CloudStorage/GoogleDrive-apazent@gmail.com/.shortcut-targets-by-id/1exBA-7XrpLfZc6s8oGNYTbmjGsu5dT6p/Gurung stimuli/5_rest_build wall/1/coh_1.png
5,005_rest_build_wall,rest_build wall,coh_2,MainStimuli/005_rest_build_wall/coh_2.png,/Users/matveikurzukov/Library/CloudStorage/GoogleDrive-apazent@gmail.com/.shortcut-targets-by-id/1exBA-7XrpLfZc6s8oGNYTbmjGsu5dT6p/Gurung stimuli/5_rest_build wall/1/coh_2.png
5,005_rest_build_wall,rest_build wall,tr_target,MainStimuli/005_rest_build_wall/tr_target.png,/Users/matveikurzukov/Library/CloudStorage/GoogleDrive-apazent@gmail.com/.shortcut-targets-by-id/1exBA-7XrpLfZc6s8oGNYTbmjGsu5dT6p/Gurung stimuli/5_rest_build wall/1/tr_target.png
5,005_rest_build_wall,rest_build wall,it_target,MainStimuli/005_rest_build_wall/it_target.png,/Users/matveikurzukov/Library/CloudStorage/GoogleDrive-apazent@gmail.com/.shortcut-targets-by-id/1exBA-7XrpLfZc6s8oGNYTbmjGsu5dT6p/Gurung stimuli/5_rest_build wall/1/it_target.png
5,005_rest_build_wall,rest_build wall,end_coh_it,MainStimuli/005_rest_build_wall/end_coh_it.png,/Users/matveikurzukov/Library/CloudStorage/GoogleDrive-apazent@gmail.com/.shortcut-targets-by-id/1exBA-7XrpLfZc6s8oGNYTbmjGsu5dT6p/Gurung stimuli/5_rest_build wall/1/end_coh_it.png
5,005_rest_build_wall,rest_build wall,end_ic_tr,MainStimuli/005_rest_build_wall/end_ic_tr.png,/Users/matveikurzukov/Library/CloudStorage/GoogleDrive-apazent@gmail.com/.shortcut-targets-by-id/1exBA-7XrpLfZc6s8oGNYTbmjGsu5dT6p/Gurung stimuli/5_rest_build wall/1/end_ic_tr.png
5,005_rest_build_wall,rest_build wall,end_ic_it,MainStimuli/005_rest_build_wall/end_ic_it.png,/Users/matveikurzukov/Library/CloudStorage/GoogleDrive-apazent@gmail.com/.shortcut-targets-by-id/1exBA-7XrpLfZc6s8oGNYTbmjGsu5dT6p/Gurung stimuli/5_rest_build wall/1/end_ic_it.png
6,006_sleep_pluck_tomatoes,sleep_pluck tomatoes,ic_1,MainStimuli/006_sleep_pluck_tomatoes/ic_1.png,/Users/matveikurzukov/Library/CloudStorage/GoogleDrive-apazent@gmail.com/.shortcut-targets-by-id/1exBA-7XrpLfZc6s8oGNYTbmjGsu5dT6p/Gurung stimuli/6_sleep_pluck tomatoes/1/ic_1.png
6,006_sleep_pluck_tomatoes,sleep_pluck tomatoes,coh_1,MainStimuli/006_sleep_pluck_tomatoes/coh_1.png,/Users/matveikurzukov/Library/CloudStorage/GoogleDrive-apazent@gmail.com/.shortcut-targets-by-id/1exBA-7XrpLfZc6s8oGNYTbmjGsu5dT6p/Gurung stimuli/6_sleep_pluck tomatoes/1/coh_1.png
6,006_sleep_pluck_tomatoes,sleep_pluck tomatoes,coh_2,MainStimuli/006_sleep_pluck_tomatoes/coh_2.png,/Users/matveikurzukov/Library/CloudStorage/GoogleDrive-apazent@gmail.com/.shortcut-targets-by-id/1exBA-7XrpLfZc6s8oGNYTbmjGsu5dT6p/Gurung stimuli/6_sleep_pluck tomatoes/1/coh_2.png
6,006_sleep_pluck_tomatoes,sleep_pluck tomatoes,tr_target,MainStimuli/006_sleep_pluck_tomatoes/tr_target.png,/Users/matveikurzukov/Library/CloudStorage/GoogleDrive-apazent@gmail.com/.shortcut-targets-by-id/1exBA-7XrpLfZc6s8oGNYTbmjGsu5dT6p/Gurung stimuli/6_sleep_pluck tomatoes/1/tr_target.png
6,006_sleep_pluck_tomatoes,sleep_pluck tomatoes,it_target,MainStimuli/006_sleep_pluck_tomatoes/it_target.png,/Users/matveikurzukov/Library/CloudStorage/GoogleDrive-apazent@gmail.com/.shortcut-targets-by-id/1exBA-7XrpLfZc6s8oGNYTbmjGsu5dT6p/Gurung stimuli/6_sleep_pluck tomatoes/1/it_target.png
6,006_sleep_pluck_tomatoes,sleep_pluck tomatoes,end_coh_it,MainStimuli/006_sleep_pluck_tomatoes/end_coh_it.png,/Users/matveikurzukov/Library/CloudStorage/GoogleDrive-apazent@gmail.com/.shortcut-targets-by-id/1exBA-7XrpLfZc6s8oGNYTbmjGsu5dT6p/Gurung stimuli/6_sleep_pluck tomatoes/1/end_coh_it.png
6,006_sleep_pluck_tomatoes,sleep_pluck tomatoes,end_ic_tr,MainStimuli/006_sleep_pluck_tomatoes/end_ic_tr.png,/Users/matveikurzukov/Library/CloudStorage/GoogleDrive-apazent@gmail.com/.shortcut-targets-by-id/1exBA-7XrpLfZc6s8oGNYTbmjGsu5dT6p/Gurung stimuli/6_sleep_pluck tomatoes/1/end_ic_tr.png
6,006_sleep_pluck_tomatoes,sleep_pluck tomatoes,end_ic_it,MainStimuli/006_sleep_pluck_tomatoes/end_ic_it.png,/Users/matveikurzukov/Library/CloudStorage/GoogleDrive-apazent@gmail.com/.shortcut-targets-by-id/1exBA-7XrpLfZc6s8oGNYTbmjGsu5dT6p/Gurung stimuli/6_sleep_pluck tomatoes/1/end_ic_it.png
7,007_sit_make_fire,sit_make fire,ic_1,MainStimuli/007_sit_make_fire/ic_1.png,/Users/matveikurzukov/Library/CloudStorage/GoogleDrive-apazent@gmail.com/.shortcut-targets-by-id/1exBA-7XrpLfZc6s8oGNYTbmjGsu5dT6p/Gurung stimuli/7_sit_make fire/1/ic_1.png
7,007_sit_make_fire,sit_make fire,coh_1,MainStimuli/007_sit_make_fire/coh_1.png,/Users/matveikurzukov/Library/CloudStorage/GoogleDrive-apazent@gmail.com/.shortcut-targets-by-id/1exBA-7XrpLfZc6s8oGNYTbmjGsu5dT6p/Gurung stimuli/7_sit_make fire/1/coh_1.png
7,007_sit_make_fire,sit_make fire,coh_2,MainStimuli/007_sit_make_fire/coh_2.png,/Users/matveikurzukov/Library/CloudStorage/GoogleDrive-apazent@gmail.com/.shortcut-targets-by-id/1exBA-7XrpLfZc6s8oGNYTbmjGsu5dT6p/Gurung stimuli/7_sit_make fire/1/coh_2.png
7,007_sit_make_fire,sit_make fire,tr_target,MainStimuli/007_sit_make_fire/tr_target.png,/Users/matveikurzukov/Library/CloudStorage/GoogleDrive-apazent@gmail.com/.shortcut-targets-by-id/1exBA-7XrpLfZc6s8oGNYTbmjGsu5dT6p/Gurung stimuli/7_sit_make fire/1/tr_target.png
7,007_sit_make_fire,sit_make fire,it_target,MainStimuli/007_sit_make_fire/it_target.png,/Users/matveikurzukov/Library/CloudStorage/GoogleDrive-apazent@gmail.com/.shortcut-targets-by-id/1exBA-7XrpLfZc6s8oGNYTbmjGsu5dT6p/Gurung stimuli/7_sit_make fire/1/it_target.png
7,007_sit_make_fire,sit_make fire,end_coh_it,MainStimuli/007_sit_make_fire/end_coh_it.png,/Users/matveikurzukov/Library/CloudStorage/GoogleDrive-apazent@gmail.com/.shortcut-targets-by-id/1exBA-7XrpLfZc6s8oGNYTbmjGsu5dT6p/Gurung stimuli/7_sit_make fire/1/end_coh_it.png
7,007_sit_make_fire,sit_make fire,end_ic_tr,MainStimuli/007_sit_make_fire/end_ic_tr.png,/Users/matveikurzukov/Library/CloudStorage/GoogleDrive-apazent@gmail.com/.shortcut-targets-by-id/1exBA-7XrpLfZc6s8oGNYTbmjGsu5dT6p/Gurung stimuli/7_sit_make fire/1/end_ic_tr.png
7,007_sit_make_fire,sit_make fire,end_ic_it,MainStimuli/007_sit_make_fire/end_ic_it.png,/Users/matveikurzukov/Library/CloudStorage/GoogleDrive-apazent@gmail.com/.shortcut-targets-by-id/1exBA-7XrpLfZc6s8oGNYTbmjGsu5dT6p/Gurung stimuli/7_sit_make fire/1/end_ic_it.png
8,008_smile_weave_garland,smile_weave garland,ic_1,MainStimuli/008_smile_weave_garland/ic_1.png,/Users/matveikurzukov/Library/CloudStorage/GoogleDrive-apazent@gmail.com/.shortcut-targets-by-id/1exBA-7XrpLfZc6s8oGNYTbmjGsu5dT6p/Gurung stimuli/8_smile_weave garland/1/ic_1.png
8,008_smile_weave_garland,smile_weave garland,coh_1,MainStimuli/008_smile_weave_garland/coh_1.png,/Users/matveikurzukov/Library/CloudStorage/GoogleDrive-apazent@gmail.com/.shortcut-targets-by-id/1exBA-7XrpLfZc6s8oGNYTbmjGsu5dT6p/Gurung stimuli/8_smile_weave garland/1/coh_1.png
8,008_smile_weave_garland,smile_weave garland,coh_2,MainStimuli/008_smile_weave_garland/coh_2.png,/Users/matveikurzukov/Library/CloudStorage/GoogleDrive-apazent@gmail.com/.shortcut-targets-by-id/1exBA-7XrpLfZc6s8oGNYTbmjGsu5dT6p/Gurung stimuli/8_smile_weave garland/1/coh_2.png
8,008_smile_weave_garland,smile_weave garland,tr_target,MainStimuli/008_smile_weave_garland/tr_target.png,/Users/matveikurzukov/Library/CloudStorage/GoogleDrive-apazent@gmail.com/.shortcut-targets-by-id/1exBA-7XrpLfZc6s8oGNYTbmjGsu5dT6p/Gurung stimuli/8_smile_weave garland/1/tr_target.png
8,008_smile_weave_garland,smile_weave garland,it_target,MainStimuli/008_smile_weave_garland/it_target.png,/Users/matveikurzukov/Library/CloudStorage/GoogleDrive-apazent@gmail.com/.shortcut-targets-by-id/1exBA-7XrpLfZc6s8oGNYTbmjGsu5dT6p/Gurung stimuli/8_smile_weave garland/1/it_target.png
8,008_smile_weave_garland,smile_weave garland,end_coh_it,MainStimuli/008_smile_weave_garland/end_coh_it.png,/Users/matveikurzukov/Library/CloudStorage/GoogleDrive-apazent@gmail.com/.shortcut-targets-by-id/1exBA-7XrpLfZc6s8oGNYTbmjGsu5dT6p/Gurung stimuli/8_smile_weave garland/1/end_coh_it.png
8,008_smile_weave_garland,smile_weave garland,end_ic_tr,MainStimuli/008_smile_weave_garland/end_ic_tr.png,/Users/matveikurzukov/Library/CloudStorage/GoogleDrive-apazent@gmail.com/.shortcut-targets-by-id/1exBA-7XrpLfZc6s8oGNYTbmjGsu5dT6p/Gurung stimuli/8_smile_weave garland/1/end_ic_tr.png
8,008_smile_weave_garland,smile_weave garland,end_ic_it,MainStimuli/008_smile_weave_garland/end_ic_it.png,/Users/matveikurzukov/Library/CloudStorage/GoogleDrive-apazent@gmail.com/.shortcut-targets-by-id/1exBA-7XrpLfZc6s8oGNYTbmjGsu5dT6p/Gurung stimuli/8_smile_weave garland/1/end_ic_it.png
9,009_descend_harvest_rice,descend_harvest rice,ic_1,MainStimuli/009_descend_harvest_rice/ic_1.png,/Users/matveikurzukov/Library/CloudStorage/GoogleDrive-apazent@gmail.com/.shortcut-targets-by-id/1exBA-7XrpLfZc6s8oGNYTbmjGsu5dT6p/Gurung stimuli/9_descend_harvest rice/1/ic_1.png
9,009_descend_harvest_rice,descend_harvest rice,coh_1,MainStimuli/009_descend_harvest_rice/coh_1.png,/Users/matveikurzukov/Library/CloudStorage/GoogleDrive-apazent@gmail.com/.shortcut-targets-by-id/1exBA-7XrpLfZc6s8oGNYTbmjGsu5dT6p/Gurung stimuli/9_descend_harvest rice/1/coh_1.png
9,009_descend_harvest_rice,descend_harvest rice,coh_2,MainStimuli/009_descend_harvest_rice/coh_2.png,/Users/matveikurzukov/Library/CloudStorage/GoogleDrive-apazent@gmail.com/.shortcut-targets-by-id/1exBA-7XrpLfZc6s8oGNYTbmjGsu5dT6p/Gurung stimuli/9_descend_harvest rice/1/coh_2.png
9,009_descend_harvest_rice,descend_harvest rice,tr_target,MainStimuli/009_descend_harvest_rice/tr_target.png,/Users/matveikurzukov/Library/CloudStorage/GoogleDrive-apazent@gmail.com/.shortcut-targets-by-id/1exBA-7XrpLfZc6s8oGNYTbmjGsu5dT6p/Gurung stimuli/9_descend_harvest rice/1/tr_target.png
9,009_descend_harvest_rice,descend_harvest rice,it_target,MainStimuli/009_descend_harvest_rice/it_target.png,/Users/matveikurzukov/Library/CloudStorage/GoogleDrive-apazent@gmail.com/.shortcut-targets-by-id/1exBA-7XrpLfZc6s8oGNYTbmjGsu5dT6p/Gurung stimuli/9_descend_harvest rice/1/it_target.png
9,009_descend_harvest_rice,descend_harvest rice,end_coh_it,MainStimuli/009_descend_harvest_rice/end_coh_it.png,/Users/matveikurzukov/Library/CloudStorage/GoogleDrive-apazent@gmail.com/.shortcut-targets-by-id/1exBA-7XrpLfZc6s8oGNYTbmjGsu5dT6p/Gurung stimuli/9_descend_harvest rice/1/end_coh_it.png
9,009_descend_harvest_rice,descend_harvest rice,end_ic_tr,MainStimuli/009_descend_harvest_rice/end_ic_tr.png,/Users/matveikurzukov/Library/CloudStorage/GoogleDrive-apazent@gmail.com/.shortcut-targets-by-id/1exBA-7XrpLfZc6s8oGNYTbmjGsu5dT6p/Gurung stimuli/9_descend_harvest rice/1/end_ic_tr.png
9,009_descend_harvest_rice,descend_harvest rice,end_ic_it,MainStimuli/009_descend_harvest_rice/end_ic_it.png,/Users/matveikurzukov/Library/CloudStorage/GoogleDrive-apazent@gmail.com/.shortcut-targets-by-id/1exBA-7XrpLfZc6s8oGNYTbmjGsu5dT6p/Gurung stimuli/9_descend_harvest rice/1/end_ic_it.png
10,010_run_cook_pancakes,run_cook pancakes,ic_1,MainStimuli/010_run_cook_pancakes/ic_1.png,/Users/matveikurzukov/Library/CloudStorage/GoogleDrive-apazent@gmail.com/.shortcut-targets-by-id/1exBA-7XrpLfZc6s8oGNYTbmjGsu5dT6p/Gurung stimuli/10_run_cook pancakes/1/ic_1.png
10,010_run_cook_pancakes,run_cook pancakes,coh_1,MainStimuli/010_run_cook_pancakes/coh_1.png,/Users/matveikurzukov/Library/CloudStorage/GoogleDrive-apazent@gmail.com/.shortcut-targets-by-id/1exBA-7XrpLfZc6s8oGNYTbmjGsu5dT6p/Gurung stimuli/10_run_cook pancakes/1/coh_1.png
10,010_run_cook_pancakes,run_cook pancakes,coh_2,MainStimuli/010_run_cook_pancakes/coh_2.png,/Users/matveikurzukov/Library/CloudStorage/GoogleDrive-apazent@gmail.com/.shortcut-targets-by-id/1exBA-7XrpLfZc6s8oGNYTbmjGsu5dT6p/Gurung stimuli/10_run_cook pancakes/1/coh_2.png
10,010_run_cook_pancakes,run_cook pancakes,tr_target,MainStimuli/010_run_cook_pancakes/tr_target.png,/Users/matveikurzukov/Library/CloudStorage/GoogleDrive-apazent@gmail.com/.shortcut-targets-by-id/1exBA-7XrpLfZc6s8oGNYTbmjGsu5dT6p/Gurung stimuli/10_run_cook pancakes/1/tr_target.png
10,010_run_cook_pancakes,run_cook pancakes,it_target,MainStimuli/010_run_cook_pancakes/it_target.png,/Users/matveikurzukov/Library/CloudStorage/GoogleDrive-apazent@gmail.com/.shortcut-targets-by-id/1exBA-7XrpLfZc6s8oGNYTbmjGsu5dT6p/Gurung stimuli/10_run_cook pancakes/1/it_target.png
10,010_run_cook_pancakes,run_cook pancakes,end_coh_it,MainStimuli/010_run_cook_pancakes/end_coh_it.png,/Users/matveikurzukov/Library/CloudStorage/GoogleDrive-apazent@gmail.com/.shortcut-targets-by-id/1exBA-7XrpLfZc6s8oGNYTbmjGsu5dT6p/Gurung stimuli/10_run_cook pancakes/1/end_coh_it.png
10,010_run_cook_pancakes,run_cook pancakes,end_ic_tr,MainStimuli/010_run_cook_pancakes/end_ic_tr.png,/Users/matveikurzukov/Library/CloudStorage/GoogleDrive-apazent@gmail.com/.shortcut-targets-by-id/1exBA-7XrpLfZc6s8oGNYTbmjGsu5dT6p/Gurung stimuli/10_run_cook pancakes/1/end_ic_tr.png
10,010_run_cook_pancakes,run_cook pancakes,end_ic_it,MainStimuli/010_run_cook_pancakes/end_ic_it.png,/Users/matveikurzukov/Library/CloudStorage/GoogleDrive-apazent@gmail.com/.shortcut-targets-by-id/1exBA-7XrpLfZc6s8oGNYTbmjGsu5dT6p/Gurung stimuli/10_run_cook pancakes/1/end_ic_it.png
11,011_ascend_wipe_plate,ascend_wipe plate,ic_1,MainStimuli/011_ascend_wipe_plate/ic_1.png,/Users/matveikurzukov/Library/CloudStorage/GoogleDrive-apazent@gmail.com/.shortcut-targets-by-id/1exBA-7XrpLfZc6s8oGNYTbmjGsu5dT6p/Gurung stimuli/11_ascend_wipe plate/1/ic_1.png
11,011_ascend_wipe_plate,ascend_wipe plate,coh_1,MainStimuli/011_ascend_wipe_plate/coh_1.png,/Users/matveikurzukov/Library/CloudStorage/GoogleDrive-apazent@gmail.com/.shortcut-targets-by-id/1exBA-7XrpLfZc6s8oGNYTbmjGsu5dT6p/Gurung stimuli/11_ascend_wipe plate/1/coh_1.png
11,011_ascend_wipe_plate,ascend_wipe plate,coh_2,MainStimuli/011_ascend_wipe_plate/coh_2.png,/Users/matveikurzukov/Library/CloudStorage/GoogleDrive-apazent@gmail.com/.shortcut-targets-by-id/1exBA-7XrpLfZc6s8oGNYTbmjGsu5dT6p/Gurung stimuli/11_ascend_wipe plate/1/coh_2.png
11,011_ascend_wipe_plate,ascend_wipe plate,tr_target,MainStimuli/011_ascend_wipe_plate/tr_target.png,/Users/matveikurzukov/Library/CloudStorage/GoogleDrive-apazent@gmail.com/.shortcut-targets-by-id/1exBA-7XrpLfZc6s8oGNYTbmjGsu5dT6p/Gurung stimuli/11_ascend_wipe plate/1/tr_target.png
11,011_ascend_wipe_plate,ascend_wipe plate,it_target,MainStimuli/011_ascend_wipe_plate/it_target.png,/Users/matveikurzukov/Library/CloudStorage/GoogleDrive-apazent@gmail.com/.shortcut-targets-by-id/1exBA-7XrpLfZc6s8oGNYTbmjGsu5dT6p/Gurung stimuli/11_ascend_wipe plate/1/it_target.png
11,011_ascend_wipe_plate,ascend_wipe plate,end_coh_it,MainStimuli/011_ascend_wipe_plate/end_coh_it.png,/Users/matveikurzukov/Library/CloudStorage/GoogleDrive-apazent@gmail.com/.shortcut-targets-by-id/1exBA-7XrpLfZc6s8oGNYTbmjGsu5dT6p/Gurung stimuli/11_ascend_wipe plate/1/end_coh_it.png
11,011_ascend_wipe_plate,ascend_wipe plate,end_ic_tr,MainStimuli/011_ascend_wipe_plate/end_ic_tr.png,/Users/matveikurzukov/Library/CloudStorage/GoogleDrive-apazent@gmail.com/.shortcut-targets-by-id/1exBA-7XrpLfZc6s8oGNYTbmjGsu5dT6p/Gurung stimuli/11_ascend_wipe plate/1/end_ic_tr.png
11,011_ascend_wipe_plate,ascend_wipe plate,end_ic_it,MainStimuli/011_ascend_wipe_plate/end_ic_it.png,/Users/matveikurzukov/Library/CloudStorage/GoogleDrive-apazent@gmail.com/.shortcut-targets-by-id/1exBA-7XrpLfZc6s8oGNYTbmjGsu5dT6p/Gurung stimuli/11_ascend_wipe plate/1/end_ic_it.png
12,012_come_eat_rice,come_eat rice,ic_1,MainStimuli/012_come_eat_rice/ic_1.png,/Users/matveikurzukov/Library/CloudStorage/GoogleDrive-apazent@gmail.com/.shortcut-targets-by-id/1exBA-7XrpLfZc6s8oGNYTbmjGsu5dT6p/Gurung stimuli/12_come_eat rice/1/ic_1.png
12,012_come_eat_rice,come_eat rice,coh_1,MainStimuli/012_come_eat_rice/coh_1.png,/Users/matveikurzukov/Library/CloudStorage/GoogleDrive-apazent@gmail.com/.shortcut-targets-by-id/1exBA-7XrpLfZc6s8oGNYTbmjGsu5dT6p/Gurung stimuli/12_come_eat rice/1/coh_1.png
12,012_come_eat_rice,come_eat rice,coh_2,MainStimuli/012_come_eat_rice/coh_2.png,/Users/matveikurzukov/Library/CloudStorage/GoogleDrive-apazent@gmail.com/.shortcut-targets-by-id/1exBA-7XrpLfZc6s8oGNYTbmjGsu5dT6p/Gurung stimuli/12_come_eat rice/1/coh_2.png
12,012_come_eat_rice,come_eat rice,tr_target,MainStimuli/012_come_eat_rice/tr_target.png,/Users/matveikurzukov/Library/CloudStorage/GoogleDrive-apazent@gmail.com/.shortcut-targets-by-id/1exBA-7XrpLfZc6s8oGNYTbmjGsu5dT6p/Gurung stimuli/12_come_eat rice/1/tr_target.png
12,012_come_eat_rice,come_eat rice,it_target,MainStimuli/012_come_eat_rice/it_target.png,/Users/matveikurzukov/Library/CloudStorage/GoogleDrive-apazent@gmail.com/.shortcut-targets-by-id/1exBA-7XrpLfZc6s8oGNYTbmjGsu5dT6p/Gurung stimuli/12_come_eat rice/1/it_target.png
12,012_come_eat_rice,come_eat rice,end_coh_it,MainStimuli/012_come_eat_rice/end_coh_it.png,/Users/matveikurzukov/Library/CloudStorage/GoogleDrive-apazent@gmail.com/.shortcut-targets-by-id/1exBA-7XrpLfZc6s8oGNYTbmjGsu5dT6p/Gurung stimuli/12_come_eat rice/1/end_coh_it.png
12,012_come_eat_rice,come_eat rice,end_ic_tr,MainStimuli/012_come_eat_rice/end_ic_tr.png,/Users/matveikurzukov/Library/CloudStorage/GoogleDrive-apazent@gmail.com/.shortcut-targets-by-id/1exBA-7XrpLfZc6s8oGNYTbmjGsu5dT6p/Gurung stimuli/12_come_eat rice/1/end_ic_tr.png
12,012_come_eat_rice,come_eat rice,end_ic_it,MainStimuli/012_come_eat_rice/end_ic_it.png,/Users/matveikurzukov/Library/CloudStorage/GoogleDrive-apazent@gmail.com/.shortcut-targets-by-id/1exBA-7XrpLfZc6s8oGNYTbmjGsu5dT6p/Gurung stimuli/12_come_eat rice/1/end_ic_it.png
13,013_stand_wash_clothes,stand_wash clothes,ic_1,MainStimuli/013_stand_wash_clothes/ic_1.png,/Users/matveikurzukov/Library/CloudStorage/GoogleDrive-apazent@gmail.com/.shortcut-targets-by-id/1exBA-7XrpLfZc6s8oGNYTbmjGsu5dT6p/Gurung stimuli/13_stand_wash clothes/1/ic_1.png
13,013_stand_wash_clothes,stand_wash clothes,coh_1,MainStimuli/013_stand_wash_clothes/coh_1.png,/Users/matveikurzukov/Library/CloudStorage/GoogleDrive-apazent@gmail.com/.shortcut-targets-by-id/1exBA-7XrpLfZc6s8oGNYTbmjGsu5dT6p/Gurung stimuli/13_stand_wash clothes/1/coh_1.png
13,013_stand_wash_clothes,stand_wash clothes,coh_2,MainStimuli/013_stand_wash_clothes/coh_2.png,/Users/matveikurzukov/Library/CloudStorage/GoogleDrive-apazent@gmail.com/.shortcut-targets-by-id/1exBA-7XrpLfZc6s8oGNYTbmjGsu5dT6p/Gurung stimuli/13_stand_wash clothes/1/coh_2.png
13,013_stand_wash_clothes,stand_wash clothes,tr_target,MainStimuli/013_stand_wash_clothes/tr_target.png,/Users/matveikurzukov/Library/CloudStorage/GoogleDrive-apazent@gmail.com/.shortcut-targets-by-id/1exBA-7XrpLfZc6s8oGNYTbmjGsu5dT6p/Gurung stimuli/13_stand_wash clothes/1/tr_target.png
13,013_stand_wash_clothes,stand_wash clothes,it_target,MainStimuli/013_stand_wash_clothes/it_target.png,/Users/matveikurzukov/Library/CloudStorage/GoogleDrive-apazent@gmail.com/.shortcut-targets-by-id/1exBA-7XrpLfZc6s8oGNYTbmjGsu5dT6p/Gurung stimuli/13_stand_wash clothes/1/it_target.png
13,013_stand_wash_clothes,stand_wash clothes,end_coh_it,MainStimuli/013_stand_wash_clothes/end_coh_it.png,/Users/matveikurzukov/Library/CloudStorage/GoogleDrive-apazent@gmail.com/.shortcut-targets-by-id/1exBA-7XrpLfZc6s8oGNYTbmjGsu5dT6p/Gurung stimuli/13_stand_wash clothes/1/end_coh_it.png
13,013_stand_wash_clothes,stand_wash clothes,end_ic_tr,MainStimuli/013_stand_wash_clothes/end_ic_tr.png,/Users/matveikurzukov/Library/CloudStorage/GoogleDrive-apazent@gmail.com/.shortcut-targets-by-id/1exBA-7XrpLfZc6s8oGNYTbmjGsu5dT6p/Gurung stimuli/13_stand_wash clothes/1/end_ic_tr.png
13,013_stand_wash_clothes,stand_wash clothes,end_ic_it,MainStimuli/013_stand_wash_clothes/end_ic_it.png,/Users/matveikurzukov/Library/CloudStorage/GoogleDrive-apazent@gmail.com/.shortcut-targets-by-id/1exBA-7XrpLfZc6s8oGNYTbmjGsu5dT6p/Gurung stimuli/13_stand_wash clothes/1/end_ic_it.png
14,014_ascend_weave_raincoat,ascend_weave raincoat,ic_1,MainStimuli/014_ascend_weave_raincoat/ic_1.png,/Users/matveikurzukov/Library/CloudStorage/GoogleDrive-apazent@gmail.com/.shortcut-targets-by-id/1exBA-7XrpLfZc6s8oGNYTbmjGsu5dT6p/Gurung stimuli/14_ascend_weave raincoat/1/ic_1.png
14,014_ascend_weave_raincoat,ascend_weave raincoat,coh_1,MainStimuli/014_ascend_weave_raincoat/coh_1.png,/Users/matveikurzukov/Library/CloudStorage/GoogleDrive-apazent@gmail.com/.shortcut-targets-by-id/1exBA-7XrpLfZc6s8oGNYTbmjGsu5dT6p/Gurung stimuli/14_ascend_weave raincoat/1/coh_1.png
14,014_ascend_weave_raincoat,ascend_weave raincoat,coh_2,MainStimuli/014_ascend_weave_raincoat/coh_2.png,/Users/matveikurzukov/Library/CloudStorage/GoogleDrive-apazent@gmail.com/.shortcut-targets-by-id/1exBA-7XrpLfZc6s8oGNYTbmjGsu5dT6p/Gurung stimuli/14_ascend_weave raincoat/1/coh_2.png
14,014_ascend_weave_raincoat,ascend_weave raincoat,tr_target,MainStimuli/014_ascend_weave_raincoat/tr_target.png,/Users/matveikurzukov/Library/CloudStorage/GoogleDrive-apazent@gmail.com/.shortcut-targets-by-id/1exBA-7XrpLfZc6s8oGNYTbmjGsu5dT6p/Gurung stimuli/14_ascend_weave raincoat/1/tr_target.png
14,014_ascend_weave_raincoat,ascend_weave raincoat,it_target,MainStimuli/014_ascend_weave_raincoat/it_target.png,/Users/matveikurzukov/Library/CloudStorage/GoogleDrive-apazent@gmail.com/.shortcut-targets-by-id/1exBA-7XrpLfZc6s8oGNYTbmjGsu5dT6p/Gurung stimuli/14_ascend_weave raincoat/1/it_target.png
14,014_ascend_weave_raincoat,ascend_weave raincoat,end_coh_it,MainStimuli/014_ascend_weave_raincoat/end_coh_it.png,/Users/matveikurzukov/Library/CloudStorage/GoogleDrive-apazent@gmail.com/.shortcut-targets-by-id/1exBA-7XrpLfZc6s8oGNYTbmjGsu5dT6p/Gurung stimuli/14_ascend_weave raincoat/1/end_coh_it.png
14,014_ascend_weave_raincoat,ascend_weave raincoat,end_ic_tr,MainStimuli/014_ascend_weave_raincoat/end_ic_tr.png,/Users/matveikurzukov/Library/CloudStorage/GoogleDrive-apazent@gmail.com/.shortcut-targets-by-id/1exBA-7XrpLfZc6s8oGNYTbmjGsu5dT6p/Gurung stimuli/14_ascend_weave raincoat/1/end_ic_tr.png
14,014_ascend_weave_raincoat,ascend_weave raincoat,end_ic_it,MainStimuli/014_ascend_weave_raincoat/end_ic_it.png,/Users/matveikurzukov/Library/CloudStorage/GoogleDrive-apazent@gmail.com/.shortcut-targets-by-id/1exBA-7XrpLfZc6s8oGNYTbmjGsu5dT6p/Gurung stimuli/14_ascend_weave raincoat/1/end_ic_it.png
15,015_smile_clean_wall,smile_clean wall,ic_1,MainStimuli/015_smile_clean_wall/ic_1.png,/Users/matveikurzukov/Library/CloudStorage/GoogleDrive-apazent@gmail.com/.shortcut-targets-by-id/1exBA-7XrpLfZc6s8oGNYTbmjGsu5dT6p/Gurung stimuli/15_smile_clean wall/1/ic_1.png
15,015_smile_clean_wall,smile_clean wall,coh_1,MainStimuli/015_smile_clean_wall/coh_1.png,/Users/matveikurzukov/Library/CloudStorage/GoogleDrive-apazent@gmail.com/.shortcut-targets-by-id/1exBA-7XrpLfZc6s8oGNYTbmjGsu5dT6p/Gurung stimuli/15_smile_clean wall/1/coh_1.png
15,015_smile_clean_wall,smile_clean wall,coh_2,MainStimuli/015_smile_clean_wall/coh_2.png,/Users/matveikurzukov/Library/CloudStorage/GoogleDrive-apazent@gmail.com/.shortcut-targets-by-id/1exBA-7XrpLfZc6s8oGNYTbmjGsu5dT6p/Gurung stimuli/15_smile_clean wall/1/coh_2.png
15,015_smile_clean_wall,smile_clean wall,tr_target,MainStimuli/015_smile_clean_wall/tr_target.png,/Users/matveikurzukov/Library/CloudStorage/GoogleDrive-apazent@gmail.com/.shortcut-targets-by-id/1exBA-7XrpLfZc6s8oGNYTbmjGsu5dT6p/Gurung stimuli/15_smile_clean wall/1/tr_target.png
15,015_smile_clean_wall,smile_clean wall,it_target,MainStimuli/015_smile_clean_wall/it_target.png,/Users/matveikurzukov/Library/CloudStorage/GoogleDrive-apazent@gmail.com/.shortcut-targets-by-id/1exBA-7XrpLfZc6s8oGNYTbmjGsu5dT6p/Gurung stimuli/15_smile_clean wall/1/it_target.png
15,015_smile_clean_wall,smile_clean wall,end_coh_it,MainStimuli/015_smile_clean_wall/end_coh_it.png,/Users/matveikurzukov/Library/CloudStorage/GoogleDrive-apazent@gmail.com/.shortcut-targets-by-id/1exBA-7XrpLfZc6s8oGNYTbmjGsu5dT6p/Gurung stimuli/15_smile_clean wall/1/end_coh_it.png
15,015_smile_clean_wall,smile_clean wall,end_ic_tr,MainStimuli/015_smile_clean_wall/end_ic_tr.png,/Users/matveikurzukov/Library/CloudStorage/GoogleDrive-apazent@gmail.com/.shortcut-targets-by-id/1exBA-7XrpLfZc6s8oGNYTbmjGsu5dT6p/Gurung stimuli/15_smile_clean wall/1/end_ic_tr.png
15,015_smile_clean_wall,smile_clean wall,end_ic_it,MainStimuli/015_smile_clean_wall/end_ic_it.png,/Users/matveikurzukov/Library/CloudStorage/GoogleDrive-apazent@gmail.com/.shortcut-targets-by-id/1exBA-7XrpLfZc6s8oGNYTbmjGsu5dT6p/Gurung stimuli/15_smile_clean wall/1/end_ic_it.png
16,016_sleep_wash_dish,sleep_wash dish,ic_1,MainStimuli/016_sleep_wash_dish/ic_1.png,/Users/matveikurzukov/Library/CloudStorage/GoogleDrive-apazent@gmail.com/.shortcut-targets-by-id/1exBA-7XrpLfZc6s8oGNYTbmjGsu5dT6p/Gurung stimuli/16_sleep_wash dish/1/ic_1.png
16,016_sleep_wash_dish,sleep_wash dish,coh_1,MainStimuli/016_sleep_wash_dish/coh_1.png,/Users/matveikurzukov/Library/CloudStorage/GoogleDrive-apazent@gmail.com/.shortcut-targets-by-id/1exBA-7XrpLfZc6s8oGNYTbmjGsu5dT6p/Gurung stimuli/16_sleep_wash dish/1/coh_1.png
16,016_sleep_wash_dish,sleep_wash dish,coh_2,MainStimuli/016_sleep_wash_dish/coh_2.png,/Users/matveikurzukov/Library/CloudStorage/GoogleDrive-apazent@gmail.com/.shortcut-targets-by-id/1exBA-7XrpLfZc6s8oGNYTbmjGsu5dT6p/Gurung stimuli/16_sleep_wash dish/1/coh_2.png
16,016_sleep_wash_dish,sleep_wash dish,tr_target,MainStimuli/016_sleep_wash_dish/tr_target.png,/Users/matveikurzukov/Library/CloudStorage/GoogleDrive-apazent@gmail.com/.shortcut-targets-by-id/1exBA-7XrpLfZc6s8oGNYTbmjGsu5dT6p/Gurung stimuli/16_sleep_wash dish/1/tr_target.png
16,016_sleep_wash_dish,sleep_wash dish,it_target,MainStimuli/016_sleep_wash_dish/it_target.png,/Users/matveikurzukov/Library/CloudStorage/GoogleDrive-apazent@gmail.com/.shortcut-targets-by-id/1exBA-7XrpLfZc6s8oGNYTbmjGsu5dT6p/Gurung stimuli/16_sleep_wash dish/1/it_target.png
16,016_sleep_wash_dish,sleep_wash dish,end_coh_it,MainStimuli/016_sleep_wash_dish/end_coh_it.png,/Users/matveikurzukov/Library/CloudStorage/GoogleDrive-apazent@gmail.com/.shortcut-targets-by-id/1exBA-7XrpLfZc6s8oGNYTbmjGsu5dT6p/Gurung stimuli/16_sleep_wash dish/1/end_coh_it.png
16,016_sleep_wash_dish,sleep_wash dish,end_ic_tr,MainStimuli/016_sleep_wash_dish/end_ic_tr.png,/Users/matveikurzukov/Library/CloudStorage/GoogleDrive-apazent@gmail.com/.shortcut-targets-by-id/1exBA-7XrpLfZc6s8oGNYTbmjGsu5dT6p/Gurung stimuli/16_sleep_wash dish/1/end_ic_tr.png
16,016_sleep_wash_dish,sleep_wash dish,end_ic_it,MainStimuli/016_sleep_wash_dish/end_ic_it.png,/Users/matveikurzukov/Library/CloudStorage/GoogleDrive-apazent@gmail.com/.shortcut-targets-by-id/1exBA-7XrpLfZc6s8oGNYTbmjGsu5dT6p/Gurung stimuli/16_sleep_wash dish/1/end_ic_it.png
17,017_rest_hang_picture,rest_hang picture,ic_1,MainStimuli/017_rest_hang_picture/ic_1.png,/Users/matveikurzukov/Library/CloudStorage/GoogleDrive-apazent@gmail.com/.shortcut-targets-by-id/1exBA-7XrpLfZc6s8oGNYTbmjGsu5dT6p/Gurung stimuli/17_rest_hang picture/1/ic_1.png
17,017_rest_hang_picture,rest_hang picture,coh_1,MainStimuli/017_rest_hang_picture/coh_1.png,/Users/matveikurzukov/Library/CloudStorage/GoogleDrive-apazent@gmail.com/.shortcut-targets-by-id/1exBA-7XrpLfZc6s8oGNYTbmjGsu5dT6p/Gurung stimuli/17_rest_hang picture/1/coh_1.png
17,017_rest_hang_picture,rest_hang picture,coh_2,MainStimuli/017_rest_hang_picture/coh_2.png,/Users/matveikurzukov/Library/CloudStorage/GoogleDrive-apazent@gmail.com/.shortcut-targets-by-id/1exBA-7XrpLfZc6s8oGNYTbmjGsu5dT6p/Gurung stimuli/17_rest_hang picture/1/coh_2.png
17,017_rest_hang_picture,rest_hang picture,tr_target,MainStimuli/017_rest_hang_picture/tr_target.png,/Users/matveikurzukov/Library/CloudStorage/GoogleDrive-apazent@gmail.com/.shortcut-targets-by-id/1exBA-7XrpLfZc6s8oGNYTbmjGsu5dT6p/Gurung stimuli/17_rest_hang picture/1/tr_target.png
17,017_rest_hang_picture,rest_hang picture,it_target,MainStimuli/017_rest_hang_picture/it_target.png,/Users/matveikurzukov/Library/CloudStorage/GoogleDrive-apazent@gmail.com/.shortcut-targets-by-id/1exBA-7XrpLfZc6s8oGNYTbmjGsu5dT6p/Gurung stimuli/17_rest_hang picture/1/it_target.png
17,017_rest_hang_picture,rest_hang picture,end_coh_it,MainStimuli/017_rest_hang_picture/end_coh_it.png,/Users/matveikurzukov/Library/CloudStorage/GoogleDrive-apazent@gmail.com/.shortcut-targets-by-id/1exBA-7XrpLfZc6s8oGNYTbmjGsu5dT6p/Gurung stimuli/17_rest_hang picture/1/end_coh_it.png
17,017_rest_hang_picture,rest_hang picture,end_ic_tr,MainStimuli/017_rest_hang_picture/end_ic_tr.png,/Users/matveikurzukov/Library/CloudStorage/GoogleDrive-apazent@gmail.com/.shortcut-targets-by-id/1exBA-7XrpLfZc6s8oGNYTbmjGsu5dT6p/Gurung stimuli/17_rest_hang picture/1/end_ic_tr.png
17,017_rest_hang_picture,rest_hang picture,end_ic_it,MainStimuli/017_rest_hang_picture/end_ic_it.png,/Users/matveikurzukov/Library/CloudStorage/GoogleDrive-apazent@gmail.com/.shortcut-targets-by-id/1exBA-7XrpLfZc6s8oGNYTbmjGsu5dT6p/Gurung stimuli/17_rest_hang picture/1/end_ic_it.png
18,018_yawn_put_on_cap,yawn_put on cap,ic_1,MainStimuli/018_yawn_put_on_cap/ic_1.png,/Users/matveikurzukov/Library/CloudStorage/GoogleDrive-apazent@gmail.com/.shortcut-targets-by-id/1exBA-7XrpLfZc6s8oGNYTbmjGsu5dT6p/Gurung stimuli/18_yawn_put on cap/1/ic_1.png
18,018_yawn_put_on_cap,yawn_put on cap,coh_1,MainStimuli/018_yawn_put_on_cap/coh_1.png,/Users/matveikurzukov/Library/CloudStorage/GoogleDrive-apazent@gmail.com/.shortcut-targets-by-id/1exBA-7XrpLfZc6s8oGNYTbmjGsu5dT6p/Gurung stimuli/18_yawn_put on cap/1/coh_1.png
18,018_yawn_put_on_cap,yawn_put on cap,coh_2,MainStimuli/018_yawn_put_on_cap/coh_2.png,/Users/matveikurzukov/Library/CloudStorage/GoogleDrive-apazent@gmail.com/.shortcut-targets-by-id/1exBA-7XrpLfZc6s8oGNYTbmjGsu5dT6p/Gurung stimuli/18_yawn_put on cap/1/coh_2.png
18,018_yawn_put_on_cap,yawn_put on cap,tr_target,MainStimuli/018_yawn_put_on_cap/tr_target.png,/Users/matveikurzukov/Library/CloudStorage/GoogleDrive-apazent@gmail.com/.shortcut-targets-by-id/1exBA-7XrpLfZc6s8oGNYTbmjGsu5dT6p/Gurung stimuli/18_yawn_put on cap/1/tr_target.png
18,018_yawn_put_on_cap,yawn_put on cap,it_target,MainStimuli/018_yawn_put_on_cap/it_target.png,/Users/matveikurzukov/Library/CloudStorage/GoogleDrive-apazent@gmail.com/.shortcut-targets-by-id/1exBA-7XrpLfZc6s8oGNYTbmjGsu5dT6p/Gurung stimuli/18_yawn_put on cap/1/it_target.png
18,018_yawn_put_on_cap,yawn_put on cap,end_coh_it,MainStimuli/018_yawn_put_on_cap/end_coh_it.png,/Users/matveikurzukov/Library/CloudStorage/GoogleDrive-apazent@gmail.com/.shortcut-targets-by-id/1exBA-7XrpLfZc6s8oGNYTbmjGsu5dT6p/Gurung stimuli/18_yawn_put on cap/1/end_coh_it.png
18,018_yawn_put_on_cap,yawn_put on cap,end_ic_tr,MainStimuli/018_yawn_put_on_cap/end_ic_tr.png,/Users/matveikurzukov/Library/CloudStorage/GoogleDrive-apazent@gmail.com/.shortcut-targets-by-id/1exBA-7XrpLfZc6s8oGNYTbmjGsu5dT6p/Gurung stimuli/18_yawn_put on cap/1/end_ic_tr.png
18,018_yawn_put_on_cap,yawn_put on cap,end_ic_it,MainStimuli/018_yawn_put_on_cap/end_ic_it.png,/Users/matveikurzukov/Library/CloudStorage/GoogleDrive-apazent@gmail.com/.shortcut-targets-by-id/1exBA-7XrpLfZc6s8oGNYTbmjGsu5dT6p/Gurung stimuli/18_yawn_put on cap/1/end_ic_it.png
19,019_sit_crack_egg,sit_crack egg,ic_1,MainStimuli/019_sit_crack_egg/ic_1.png,/Users/matveikurzukov/Library/CloudStorage/GoogleDrive-apazent@gmail.com/.shortcut-targets-by-id/1exBA-7XrpLfZc6s8oGNYTbmjGsu5dT6p/Gurung stimuli/19_sit_crack egg/1/ic_1.png
19,019_sit_crack_egg,sit_crack egg,coh_1,MainStimuli/019_sit_crack_egg/coh_1.png,/Users/matveikurzukov/Library/CloudStorage/GoogleDrive-apazent@gmail.com/.shortcut-targets-by-id/1exBA-7XrpLfZc6s8oGNYTbmjGsu5dT6p/Gurung stimuli/19_sit_crack egg/1/coh_1.png
19,019_sit_crack_egg,sit_crack egg,coh_2,MainStimuli/019_sit_crack_egg/coh_2.png,/Users/matveikurzukov/Library/CloudStorage/GoogleDrive-apazent@gmail.com/.shortcut-targets-by-id/1exBA-7XrpLfZc6s8oGNYTbmjGsu5dT6p/Gurung stimuli/19_sit_crack egg/1/coh_2.png
19,019_sit_crack_egg,sit_crack egg,tr_target,MainStimuli/019_sit_crack_egg/tr_target.png,/Users/matveikurzukov/Library/CloudStorage/GoogleDrive-apazent@gmail.com/.shortcut-targets-by-id/1exBA-7XrpLfZc6s8oGNYTbmjGsu5dT6p/Gurung stimuli/19_sit_crack egg/1/tr_target.png
19,019_sit_crack_egg,sit_crack egg,it_target,MainStimuli/019_sit_crack_egg/it_target.png,/Users/matveikurzukov/Library/CloudStorage/GoogleDrive-apazent@gmail.com/.shortcut-targets-by-id/1exBA-7XrpLfZc6s8oGNYTbmjGsu5dT6p/Gurung stimuli/19_sit_crack egg/1/it_target.png
19,019_sit_crack_egg,sit_crack egg,end_coh_it,MainStimuli/019_sit_crack_egg/end_coh_it.png,/Users/matveikurzukov/Library/CloudStorage/GoogleDrive-apazent@gmail.com/.shortcut-targets-by-id/1exBA-7XrpLfZc6s8oGNYTbmjGsu5dT6p/Gurung stimuli/19_sit_crack egg/1/end_coh_it.png
19,019_sit_crack_egg,sit_crack egg,end_ic_tr,MainStimuli/019_sit_crack_egg/end_ic_tr.png,/Users/matveikurzukov/Library/CloudStorage/GoogleDrive-apazent@gmail.com/.shortcut-targets-by-id/1exBA-7XrpLfZc6s8oGNYTbmjGsu5dT6p/Gurung stimuli/19_sit_crack egg/1/end_ic_tr.png
19,019_sit_crack_egg,sit_crack egg,end_ic_it,MainStimuli/019_sit_crack_egg/end_ic_it.png,/Users/matveikurzukov/Library/CloudStorage/GoogleDrive-apazent@gmail.com/.shortcut-targets-by-id/1exBA-7XrpLfZc6s8oGNYTbmjGsu5dT6p/Gurung stimuli/19_sit_crack egg/1/end_ic_it.png
20,020_come_plant_sapling,come_plant sapling,ic_1,MainStimuli/020_come_plant_sapling/ic_1.png,/Users/matveikurzukov/Library/CloudStorage/GoogleDrive-apazent@gmail.com/.shortcut-targets-by-id/1exBA-7XrpLfZc6s8oGNYTbmjGsu5dT6p/Gurung stimuli/20_come_plant sapling/1/ic_1.png
20,020_come_plant_sapling,come_plant sapling,coh_1,MainStimuli/020_come_plant_sapling/coh_1.png,/Users/matveikurzukov/Library/CloudStorage/GoogleDrive-apazent@gmail.com/.shortcut-targets-by-id/1exBA-7XrpLfZc6s8oGNYTbmjGsu5dT6p/Gurung stimuli/20_come_plant sapling/1/coh_1.png
20,020_come_plant_sapling,come_plant sapling,coh_2,MainStimuli/020_come_plant_sapling/coh_2.png,/Users/matveikurzukov/Library/CloudStorage/GoogleDrive-apazent@gmail.com/.shortcut-targets-by-id/1exBA-7XrpLfZc6s8oGNYTbmjGsu5dT6p/Gurung stimuli/20_come_plant sapling/1/coh_2.png
20,020_come_plant_sapling,come_plant sapling,tr_target,MainStimuli/020_come_plant_sapling/tr_target.png,/Users/matveikurzukov/Library/CloudStorage/GoogleDrive-apazent@gmail.com/.shortcut-targets-by-id/1exBA-7XrpLfZc6s8oGNYTbmjGsu5dT6p/Gurung stimuli/20_come_plant sapling/1/tr_target.png
20,020_come_plant_sapling,come_plant sapling,it_target,MainStimuli/020_come_plant_sapling/it_target.png,/Users/matveikurzukov/Library/CloudStorage/GoogleDrive-apazent@gmail.com/.shortcut-targets-by-id/1exBA-7XrpLfZc6s8oGNYTbmjGsu5dT6p/Gurung stimuli/20_come_plant sapling/1/it_target.png
20,020_come_plant_sapling,come_plant sapling,end_coh_it,MainStimuli/020_come_plant_sapling/end_coh_it.png,/Users/matveikurzukov/Library/CloudStorage/GoogleDrive-apazent@gmail.com/.shortcut-targets-by-id/1exBA-7XrpLfZc6s8oGNYTbmjGsu5dT6p/Gurung stimuli/20_come_plant sapling/1/end_coh_it.png
20,020_come_plant_sapling,come_plant sapling,end_ic_tr,MainStimuli/020_come_plant_sapling/end_ic_tr.png,/Users/matveikurzukov/Library/CloudStorage/GoogleDrive-apazent@gmail.com/.shortcut-targets-by-id/1exBA-7XrpLfZc6s8oGNYTbmjGsu5dT6p/Gurung stimuli/20_come_plant sapling/1/end_ic_tr.png
20,020_come_plant_sapling,come_plant sapling,end_ic_it,MainStimuli/020_come_plant_sapling/end_ic_it.png,/Users/matveikurzukov/Library/CloudStorage/GoogleDrive-apazent@gmail.com/.shortcut-targets-by-id/1exBA-7XrpLfZc6s8oGNYTbmjGsu5dT6p/Gurung stimuli/20_come_plant sapling/1/end_ic_it.png
21,021_cough_burn_bottles,cough_burn bottles,ic_1,MainStimuli/021_cough_burn_bottles/ic_1.png,/Users/matveikurzukov/Library/CloudStorage/GoogleDrive-apazent@gmail.com/.shortcut-targets-by-id/1exBA-7XrpLfZc6s8oGNYTbmjGsu5dT6p/Gurung stimuli/21_cough_burn bottles/1/ic_1.png
21,021_cough_burn_bottles,cough_burn bottles,coh_1,MainStimuli/021_cough_burn_bottles/coh_1.png,/Users/matveikurzukov/Library/CloudStorage/GoogleDrive-apazent@gmail.com/.shortcut-targets-by-id/1exBA-7XrpLfZc6s8oGNYTbmjGsu5dT6p/Gurung stimuli/21_cough_burn bottles/1/coh_1.png
21,021_cough_burn_bottles,cough_burn bottles,coh_2,MainStimuli/021_cough_burn_bottles/coh_2.png,/Users/matveikurzukov/Library/CloudStorage/GoogleDrive-apazent@gmail.com/.shortcut-targets-by-id/1exBA-7XrpLfZc6s8oGNYTbmjGsu5dT6p/Gurung stimuli/21_cough_burn bottles/1/coh_2.png
21,021_cough_burn_bottles,cough_burn bottles,tr_target,MainStimuli/021_cough_burn_bottles/tr_target.png,/Users/matveikurzukov/Library/CloudStorage/GoogleDrive-apazent@gmail.com/.shortcut-targets-by-id/1exBA-7XrpLfZc6s8oGNYTbmjGsu5dT6p/Gurung stimuli/21_cough_burn bottles/1/tr_target.png
21,021_cough_burn_bottles,cough_burn bottles,it_target,MainStimuli/021_cough_burn_bottles/it_target.png,/Users/matveikurzukov/Library/CloudStorage/GoogleDrive-apazent@gmail.com/.shortcut-targets-by-id/1exBA-7XrpLfZc6s8oGNYTbmjGsu5dT6p/Gurung stimuli/21_cough_burn bottles/1/it_target.png
21,021_cough_burn_bottles,cough_burn bottles,end_coh_it,MainStimuli/021_cough_burn_bottles/end_coh_it.png,/Users/matveikurzukov/Library/CloudStorage/GoogleDrive-apazent@gmail.com/.shortcut-targets-by-id/1exBA-7XrpLfZc6s8oGNYTbmjGsu5dT6p/Gurung stimuli/21_cough_burn bottles/1/end_coh_it.png
21,021_cough_burn_bottles,cough_burn bottles,end_ic_tr,MainStimuli/021_cough_burn_bottles/end_ic_tr.png,/Users/matveikurzukov/Library/CloudStorage/GoogleDrive-apazent@gmail.com/.shortcut-targets-by-id/1exBA-7XrpLfZc6s8oGNYTbmjGsu5dT6p/Gurung stimuli/21_cough_burn bottles/1/end_ic_tr.png
21,021_cough_burn_bottles,cough_burn bottles,end_ic_it,MainStimuli/021_cough_burn_bottles/end_ic_it.png,/Users/matveikurzukov/Library/CloudStorage/GoogleDrive-apazent@gmail.com/.shortcut-targets-by-id/1exBA-7XrpLfZc6s8oGNYTbmjGsu5dT6p/Gurung stimuli/21_cough_burn bottles/1/end_ic_it.png
22,022_come_push_chest,come_push chest,ic_1,MainStimuli/022_come_push_chest/ic_1.png,/Users/matveikurzukov/Library/CloudStorage/GoogleDrive-apazent@gmail.com/.shortcut-targets-by-id/1exBA-7XrpLfZc6s8oGNYTbmjGsu5dT6p/Gurung stimuli/22_come_push chest/1/ic_1.png
22,022_come_push_chest,come_push chest,coh_1,MainStimuli/022_come_push_chest/coh_1.png,/Users/matveikurzukov/Library/CloudStorage/GoogleDrive-apazent@gmail.com/.shortcut-targets-by-id/1exBA-7XrpLfZc6s8oGNYTbmjGsu5dT6p/Gurung stimuli/22_come_push chest/1/coh_1.png
22,022_come_push_chest,come_push chest,coh_2,MainStimuli/022_come_push_chest/coh_2.png,/Users/matveikurzukov/Library/CloudStorage/GoogleDrive-apazent@gmail.com/.shortcut-targets-by-id/1exBA-7XrpLfZc6s8oGNYTbmjGsu5dT6p/Gurung stimuli/22_come_push chest/1/coh_2.png
22,022_come_push_chest,come_push chest,tr_target,MainStimuli/022_come_push_chest/tr_target.png,/Users/matveikurzukov/Library/CloudStorage/GoogleDrive-apazent@gmail.com/.shortcut-targets-by-id/1exBA-7XrpLfZc6s8oGNYTbmjGsu5dT6p/Gurung stimuli/22_come_push chest/1/tr_target.png
22,022_come_push_chest,come_push chest,it_target,MainStimuli/022_come_push_chest/it_target.png,/Users/matveikurzukov/Library/CloudStorage/GoogleDrive-apazent@gmail.com/.shortcut-targets-by-id/1exBA-7XrpLfZc6s8oGNYTbmjGsu5dT6p/Gurung stimuli/22_come_push chest/1/it_target.png
22,022_come_push_chest,come_push chest,end_coh_it,MainStimuli/022_come_push_chest/end_coh_it.png,/Users/matveikurzukov/Library/CloudStorage/GoogleDrive-apazent@gmail.com/.shortcut-targets-by-id/1exBA-7XrpLfZc6s8oGNYTbmjGsu5dT6p/Gurung stimuli/22_come_push chest/1/end_coh_it.png
22,022_come_push_chest,come_push chest,end_ic_tr,MainStimuli/022_come_push_chest/end_ic_tr.png,/Users/matveikurzukov/Library/CloudStorage/GoogleDrive-apazent@gmail.com/.shortcut-targets-by-id/1exBA-7XrpLfZc6s8oGNYTbmjGsu5dT6p/Gurung stimuli/22_come_push chest/1/end_ic_tr.png
22,022_come_push_chest,come_push chest,end_ic_it,MainStimuli/022_come_push_chest/end_ic_it.png,/Users/matveikurzukov/Library/CloudStorage/GoogleDrive-apazent@gmail.com/.shortcut-targets-by-id/1exBA-7XrpLfZc6s8oGNYTbmjGsu5dT6p/Gurung stimuli/22_come_push chest/1/end_ic_it.png
23,023_stand_tear_paper,stand_tear paper,ic_1,MainStimuli/023_stand_tear_paper/ic_1.png,/Users/matveikurzukov/Library/CloudStorage/GoogleDrive-apazent@gmail.com/.shortcut-targets-by-id/1exBA-7XrpLfZc6s8oGNYTbmjGsu5dT6p/Gurung stimuli/23_stand_tear paper/1/ic_1.png
23,023_stand_tear_paper,stand_tear paper,coh_1,MainStimuli/023_stand_tear_paper/coh_1.png,/Users/matveikurzukov/Library/CloudStorage/GoogleDrive-apazent@gmail.com/.shortcut-targets-by-id/1exBA-7XrpLfZc6s8oGNYTbmjGsu5dT6p/Gurung stimuli/23_stand_tear paper/1/coh_1.png
23,023_stand_tear_paper,stand_tear paper,coh_2,MainStimuli/023_stand_tear_paper/coh_2.png,/Users/matveikurzukov/Library/CloudStorage/GoogleDrive-apazent@gmail.com/.shortcut-targets-by-id/1exBA-7XrpLfZc6s8oGNYTbmjGsu5dT6p/Gurung stimuli/23_stand_tear paper/1/coh_2.png
23,023_stand_tear_paper,stand_tear paper,tr_target,MainStimuli/023_stand_tear_paper/tr_target.png,/Users/matveikurzukov/Library/CloudStorage/GoogleDrive-apazent@gmail.com/.shortcut-targets-by-id/1exBA-7XrpLfZc6s8oGNYTbmjGsu5dT6p/Gurung stimuli/23_stand_tear paper/1/tr_target.png
23,023_stand_tear_paper,stand_tear paper,it_target,MainStimuli/023_stand_tear_paper/it_target.png,/Users/matveikurzukov/Library/CloudStorage/GoogleDrive-apazent@gmail.com/.shortcut-targets-by-id/1exBA-7XrpLfZc6s8oGNYTbmjGsu5dT6p/Gurung stimuli/23_stand_tear paper/1/it_target.png
23,023_stand_tear_paper,stand_tear paper,end_coh_it,MainStimuli/023_stand_tear_paper/end_coh_it.png,/Users/matveikurzukov/Library/CloudStorage/GoogleDrive-apazent@gmail.com/.shortcut-targets-by-id/1exBA-7XrpLfZc6s8oGNYTbmjGsu5dT6p/Gurung stimuli/23_stand_tear paper/1/end_coh_it.png
23,023_stand_tear_paper,stand_tear paper,end_ic_tr,MainStimuli/023_stand_tear_paper/end_ic_tr.png,/Users/matveikurzukov/Library/CloudStorage/GoogleDrive-apazent@gmail.com/.shortcut-targets-by-id/1exBA-7XrpLfZc6s8oGNYTbmjGsu5dT6p/Gurung stimuli/23_stand_tear paper/1/end_ic_tr.png
23,023_stand_tear_paper,stand_tear paper,end_ic_it,MainStimuli/023_stand_tear_paper/end_ic_it.png,/Users/matveikurzukov/Library/CloudStorage/GoogleDrive-apazent@gmail.com/.shortcut-targets-by-id/1exBA-7XrpLfZc6s8oGNYTbmjGsu5dT6p/Gurung stimuli/23_stand_tear paper/1/end_ic_it.png
24,024_descend_paint_bench,descend_paint bench,ic_1,MainStimuli/024_descend_paint_bench/ic_1.png,/Users/matveikurzukov/Library/CloudStorage/GoogleDrive-apazent@gmail.com/.shortcut-targets-by-id/1exBA-7XrpLfZc6s8oGNYTbmjGsu5dT6p/Gurung stimuli/24_descend_paint bench/1/ic_1.png
24,024_descend_paint_bench,descend_paint bench,coh_1,MainStimuli/024_descend_paint_bench/coh_1.png,/Users/matveikurzukov/Library/CloudStorage/GoogleDrive-apazent@gmail.com/.shortcut-targets-by-id/1exBA-7XrpLfZc6s8oGNYTbmjGsu5dT6p/Gurung stimuli/24_descend_paint bench/1/coh_1.png
24,024_descend_paint_bench,descend_paint bench,coh_2,MainStimuli/024_descend_paint_bench/coh_2.png,/Users/matveikurzukov/Library/CloudStorage/GoogleDrive-apazent@gmail.com/.shortcut-targets-by-id/1exBA-7XrpLfZc6s8oGNYTbmjGsu5dT6p/Gurung stimuli/24_descend_paint bench/1/coh_2.png
24,024_descend_paint_bench,descend_paint bench,tr_target,MainStimuli/024_descend_paint_bench/tr_target.png,/Users/matveikurzukov/Library/CloudStorage/GoogleDrive-apazent@gmail.com/.shortcut-targets-by-id/1exBA-7XrpLfZc6s8oGNYTbmjGsu5dT6p/Gurung stimuli/24_descend_paint bench/1/tr_target.png
24,024_descend_paint_bench,descend_paint bench,it_target,MainStimuli/024_descend_paint_bench/it_target.png,/Users/matveikurzukov/Library/CloudStorage/GoogleDrive-apazent@gmail.com/.shortcut-targets-by-id/1exBA-7XrpLfZc6s8oGNYTbmjGsu5dT6p/Gurung stimuli/24_descend_paint bench/1/it_target.png
24,024_descend_paint_bench,descend_paint bench,end_coh_it,MainStimuli/024_descend_paint_bench/end_coh_it.png,/Users/matveikurzukov/Library/CloudStorage/GoogleDrive-apazent@gmail.com/.shortcut-targets-by-id/1exBA-7XrpLfZc6s8oGNYTbmjGsu5dT6p/Gurung stimuli/24_descend_paint bench/1/end_coh_it.png
24,024_descend_paint_bench,descend_paint bench,end_ic_tr,MainStimuli/024_descend_paint_bench/end_ic_tr.png,/Users/matveikurzukov/Library/CloudStorage/GoogleDrive-apazent@gmail.com/.shortcut-targets-by-id/1exBA-7XrpLfZc6s8oGNYTbmjGsu5dT6p/Gurung stimuli/24_descend_paint bench/1/end_ic_tr.png
24,024_descend_paint_bench,descend_paint bench,end_ic_it,MainStimuli/024_descend_paint_bench/end_ic_it.png,/Users/matveikurzukov/Library/CloudStorage/GoogleDrive-apazent@gmail.com/.shortcut-targets-by-id/1exBA-7XrpLfZc6s8oGNYTbmjGsu5dT6p/Gurung stimuli/24_descend_paint bench/1/end_ic_it.png
25,025_yawn_lock_door,yawn_lock door,ic_1,MainStimuli/025_yawn_lock_door/ic_1.png,/Users/matveikurzukov/Library/CloudStorage/GoogleDrive-apazent@gmail.com/.shortcut-targets-by-id/1exBA-7XrpLfZc6s8oGNYTbmjGsu5dT6p/Gurung stimuli/25_yawn_lock door/1/ic_1.png
25,025_yawn_lock_door,yawn_lock door,coh_1,MainStimuli/025_yawn_lock_door/coh_1.png,/Users/matveikurzukov/Library/CloudStorage/GoogleDrive-apazent@gmail.com/.shortcut-targets-by-id/1exBA-7XrpLfZc6s8oGNYTbmjGsu5dT6p/Gurung stimuli/25_yawn_lock door/1/coh_1.png
25,025_yawn_lock_door,yawn_lock door,coh_2,MainStimuli/025_yawn_lock_door/coh_2.png,/Users/matveikurzukov/Library/CloudStorage/GoogleDrive-apazent@gmail.com/.shortcut-targets-by-id/1exBA-7XrpLfZc6s8oGNYTbmjGsu5dT6p/Gurung stimuli/25_yawn_lock door/1/coh_2.png
25,025_yawn_lock_door,yawn_lock door,tr_target,MainStimuli/025_yawn_lock_door/tr_target.png,/Users/matveikurzukov/Library/CloudStorage/GoogleDrive-apazent@gmail.com/.shortcut-targets-by-id/1exBA-7XrpLfZc6s8oGNYTbmjGsu5dT6p/Gurung stimuli/25_yawn_lock door/1/tr_target.png
25,025_yawn_lock_door,yawn_lock door,it_target,MainStimuli/025_yawn_lock_door/it_target.png,/Users/matveikurzukov/Library/CloudStorage/GoogleDrive-apazent@gmail.com/.shortcut-targets-by-id/1exBA-7XrpLfZc6s8oGNYTbmjGsu5dT6p/Gurung stimuli/25_yawn_lock door/1/it_target.png
25,025_yawn_lock_door,yawn_lock door,end_coh_it,MainStimuli/025_yawn_lock_door/end_coh_it.png,/Users/matveikurzukov/Library/CloudStorage/GoogleDrive-apazent@gmail.com/.shortcut-targets-by-id/1exBA-7XrpLfZc6s8oGNYTbmjGsu5dT6p/Gurung stimuli/25_yawn_lock door/1/end_coh_it.png
25,025_yawn_lock_door,yawn_lock door,end_ic_tr,MainStimuli/025_yawn_lock_door/end_ic_tr.png,/Users/matveikurzukov/Library/CloudStorage/GoogleDrive-apazent@gmail.com/.shortcut-targets-by-id/1exBA-7XrpLfZc6s8oGNYTbmjGsu5dT6p/Gurung stimuli/25_yawn_lock door/1/end_ic_tr.png
25,025_yawn_lock_door,yawn_lock door,end_ic_it,MainStimuli/025_yawn_lock_door/end_ic_it.png,/Users/matveikurzukov/Library/CloudStorage/GoogleDrive-apazent@gmail.com/.shortcut-targets-by-id/1exBA-7XrpLfZc6s8oGNYTbmjGsu5dT6p/Gurung stimuli/25_yawn_lock door/1/end_ic_it.png
26,026_sleep_drag_log,sleep_drag log,ic_1,MainStimuli/026_sleep_drag_log/ic_1.png,/Users/matveikurzukov/Library/CloudStorage/GoogleDrive-apazent@gmail.com/.shortcut-targets-by-id/1exBA-7XrpLfZc6s8oGNYTbmjGsu5dT6p/Gurung stimuli/26_sleep_drag log/1/ic_1.png
26,026_sleep_drag_log,sleep_drag log,coh_1,MainStimuli/026_sleep_drag_log/coh_1.png,/Users/matveikurzukov/Library/CloudStorage/GoogleDrive-apazent@gmail.com/.shortcut-targets-by-id/1exBA-7XrpLfZc6s8oGNYTbmjGsu5dT6p/Gurung stimuli/26_sleep_drag log/1/coh_1.png
26,026_sleep_drag_log,sleep_drag log,coh_2,MainStimuli/026_sleep_drag_log/coh_2.png,/Users/matveikurzukov/Library/CloudStorage/GoogleDrive-apazent@gmail.com/.shortcut-targets-by-id/1exBA-7XrpLfZc6s8oGNYTbmjGsu5dT6p/Gurung stimuli/26_sleep_drag log/1/coh_2.png
26,026_sleep_drag_log,sleep_drag log,tr_target,MainStimuli/026_sleep_drag_log/tr_target.png,/Users/matveikurzukov/Library/CloudStorage/GoogleDrive-apazent@gmail.com/.shortcut-targets-by-id/1exBA-7XrpLfZc6s8oGNYTbmjGsu5dT6p/Gurung stimuli/26_sleep_drag log/1/tr_target.png
26,026_sleep_drag_log,sleep_drag log,it_target,MainStimuli/026_sleep_drag_log/it_target.png,/Users/matveikurzukov/Library/CloudStorage/GoogleDrive-apazent@gmail.com/.shortcut-targets-by-id/1exBA-7XrpLfZc6s8oGNYTbmjGsu5dT6p/Gurung stimuli/26_sleep_drag log/1/it_target.png
26,026_sleep_drag_log,sleep_drag log,end_coh_it,MainStimuli/026_sleep_drag_log/end_coh_it.png,/Users/matveikurzukov/Library/CloudStorage/GoogleDrive-apazent@gmail.com/.shortcut-targets-by-id/1exBA-7XrpLfZc6s8oGNYTbmjGsu5dT6p/Gurung stimuli/26_sleep_drag log/1/end_coh_it.png
26,026_sleep_drag_log,sleep_drag log,end_ic_tr,MainStimuli/026_sleep_drag_log/end_ic_tr.png,/Users/matveikurzukov/Library/CloudStorage/GoogleDrive-apazent@gmail.com/.shortcut-targets-by-id/1exBA-7XrpLfZc6s8oGNYTbmjGsu5dT6p/Gurung stimuli/26_sleep_drag log/1/end_ic_tr.png
26,026_sleep_drag_log,sleep_drag log,end_ic_it,MainStimuli/026_sleep_drag_log/end_ic_it.png,/Users/matveikurzukov/Library/CloudStorage/GoogleDrive-apazent@gmail.com/.shortcut-targets-by-id/1exBA-7XrpLfZc6s8oGNYTbmjGsu5dT6p/Gurung stimuli/26_sleep_drag log/1/end_ic_it.png
27,027_jump_pull_blanket,jump_pull blanket,ic_1,MainStimuli/027_jump_pull_blanket/ic_1.png,/Users/matveikurzukov/Library/CloudStorage/GoogleDrive-apazent@gmail.com/.shortcut-targets-by-id/1exBA-7XrpLfZc6s8oGNYTbmjGsu5dT6p/Gurung stimuli/27_jump_pull blanket/1/ic_1.png
27,027_jump_pull_blanket,jump_pull blanket,coh_1,MainStimuli/027_jump_pull_blanket/coh_1.png,/Users/matveikurzukov/Library/CloudStorage/GoogleDrive-apazent@gmail.com/.shortcut-targets-by-id/1exBA-7XrpLfZc6s8oGNYTbmjGsu5dT6p/Gurung stimuli/27_jump_pull blanket/1/coh_1.png
27,027_jump_pull_blanket,jump_pull blanket,coh_2,MainStimuli/027_jump_pull_blanket/coh_2.png,/Users/matveikurzukov/Library/CloudStorage/GoogleDrive-apazent@gmail.com/.shortcut-targets-by-id/1exBA-7XrpLfZc6s8oGNYTbmjGsu5dT6p/Gurung stimuli/27_jump_pull blanket/1/coh_2.png
27,027_jump_pull_blanket,jump_pull blanket,tr_target,MainStimuli/027_jump_pull_blanket/tr_target.png,/Users/matveikurzukov/Library/CloudStorage/GoogleDrive-apazent@gmail.com/.shortcut-targets-by-id/1exBA-7XrpLfZc6s8oGNYTbmjGsu5dT6p/Gurung stimuli/27_jump_pull blanket/1/tr_target.png
27,027_jump_pull_blanket,jump_pull blanket,it_target,MainStimuli/027_jump_pull_blanket/it_target.png,/Users/matveikurzukov/Library/CloudStorage/GoogleDrive-apazent@gmail.com/.shortcut-targets-by-id/1exBA-7XrpLfZc6s8oGNYTbmjGsu5dT6p/Gurung stimuli/27_jump_pull blanket/1/it_target.png
27,027_jump_pull_blanket,jump_pull blanket,end_coh_it,MainStimuli/027_jump_pull_blanket/end_coh_it.png,/Users/matveikurzukov/Library/CloudStorage/GoogleDrive-apazent@gmail.com/.shortcut-targets-by-id/1exBA-7XrpLfZc6s8oGNYTbmjGsu5dT6p/Gurung stimuli/27_jump_pull blanket/1/end_coh_it.png
27,027_jump_pull_blanket,jump_pull blanket,end_ic_tr,MainStimuli/027_jump_pull_blanket/end_ic_tr.png,/Users/matveikurzukov/Library/CloudStorage/GoogleDrive-apazent@gmail.com/.shortcut-targets-by-id/1exBA-7XrpLfZc6s8oGNYTbmjGsu5dT6p/Gurung stimuli/27_jump_pull blanket/1/end_ic_tr.png
27,027_jump_pull_blanket,jump_pull blanket,end_ic_it,MainStimuli/027_jump_pull_blanket/end_ic_it.png,/Users/matveikurzukov/Library/CloudStorage/GoogleDrive-apazent@gmail.com/.shortcut-targets-by-id/1exBA-7XrpLfZc6s8oGNYTbmjGsu5dT6p/Gurung stimuli/27_jump_pull blanket/1/end_ic_it.png
28,028_jump_peel_orange,jump_peel orange,ic_1,MainStimuli/028_jump_peel_orange/ic_1.png,/Users/matveikurzukov/Library/CloudStorage/GoogleDrive-apazent@gmail.com/.shortcut-targets-by-id/1exBA-7XrpLfZc6s8oGNYTbmjGsu5dT6p/Gurung stimuli/28_jump_peel orange/1/ic_1.png
28,028_jump_peel_orange,jump_peel orange,coh_1,MainStimuli/028_jump_peel_orange/coh_1.png,/Users/matveikurzukov/Library/CloudStorage/GoogleDrive-apazent@gmail.com/.shortcut-targets-by-id/1exBA-7XrpLfZc6s8oGNYTbmjGsu5dT6p/Gurung stimuli/28_jump_peel orange/1/coh_1.png
28,028_jump_peel_orange,jump_peel orange,coh_2,MainStimuli/028_jump_peel_orange/coh_2.png,/Users/matveikurzukov/Library/CloudStorage/GoogleDrive-apazent@gmail.com/.shortcut-targets-by-id/1exBA-7XrpLfZc6s8oGNYTbmjGsu5dT6p/Gurung stimuli/28_jump_peel orange/1/coh_2.png
28,028_jump_peel_orange,jump_peel orange,tr_target,MainStimuli/028_jump_peel_orange/tr_target.png,/Users/matveikurzukov/Library/CloudStorage/GoogleDrive-apazent@gmail.com/.shortcut-targets-by-id/1exBA-7XrpLfZc6s8oGNYTbmjGsu5dT6p/Gurung stimuli/28_jump_peel orange/1/tr_target.png
28,028_jump_peel_orange,jump_peel orange,it_target,MainStimuli/028_jump_peel_orange/it_target.png,/Users/matveikurzukov/Library/CloudStorage/GoogleDrive-apazent@gmail.com/.shortcut-targets-by-id/1exBA-7XrpLfZc6s8oGNYTbmjGsu5dT6p/Gurung stimuli/28_jump_peel orange/1/it_target.png
28,028_jump_peel_orange,jump_peel orange,end_coh_it,MainStimuli/028_jump_peel_orange/end_coh_it.png,/Users/matveikurzukov/Library/CloudStorage/GoogleDrive-apazent@gmail.com/.shortcut-targets-by-id/1exBA-7XrpLfZc6s8oGNYTbmjGsu5dT6p/Gurung stimuli/28_jump_peel orange/1/end_coh_it.png
28,028_jump_peel_orange,jump_peel orange,end_ic_tr,MainStimuli/028_jump_peel_orange/end_ic_tr.png,/Users/matveikurzukov/Library/CloudStorage/GoogleDrive-apazent@gmail.com/.shortcut-targets-by-id/1exBA-7XrpLfZc6s8oGNYTbmjGsu5dT6p/Gurung stimuli/28_jump_peel orange/1/end_ic_tr.png
28,028_jump_peel_orange,jump_peel orange,end_ic_it,MainStimuli/028_jump_peel_orange/end_ic_it.png,/Users/matveikurzukov/Library/CloudStorage/GoogleDrive-apazent@gmail.com/.shortcut-targets-by-id/1exBA-7XrpLfZc6s8oGNYTbmjGsu5dT6p/Gurung stimuli/28_jump_peel orange/1/end_ic_it.png
29,029_sit_cut_potato,sit_cut potato,ic_1,MainStimuli/029_sit_cut_potato/ic_1.png,/Users/matveikurzukov/Library/CloudStorage/GoogleDrive-apazent@gmail.com/.shortcut-targets-by-id/1exBA-7XrpLfZc6s8oGNYTbmjGsu5dT6p/Gurung stimuli/29_sit_cut potato/1/ic_1.png
29,029_sit_cut_potato,sit_cut potato,coh_1,MainStimuli/029_sit_cut_potato/coh_1.png,/Users/matveikurzukov/Library/CloudStorage/GoogleDrive-apazent@gmail.com/.shortcut-targets-by-id/1exBA-7XrpLfZc6s8oGNYTbmjGsu5dT6p/Gurung stimuli/29_sit_cut potato/1/coh_1.png
29,029_sit_cut_potato,sit_cut potato,coh_2,MainStimuli/029_sit_cut_potato/coh_2.png,/Users/matveikurzukov/Library/CloudStorage/GoogleDrive-apazent@gmail.com/.shortcut-targets-by-id/1exBA-7XrpLfZc6s8oGNYTbmjGsu5dT6p/Gurung stimuli/29_sit_cut potato/1/coh_2.png
29,029_sit_cut_potato,sit_cut potato,tr_target,MainStimuli/029_sit_cut_potato/tr_target.png,/Users/matveikurzukov/Library/CloudStorage/GoogleDrive-apazent@gmail.com/.shortcut-targets-by-id/1exBA-7XrpLfZc6s8oGNYTbmjGsu5dT6p/Gurung stimuli/29_sit_cut potato/1/tr_target.png
29,029_sit_cut_potato,sit_cut potato,it_target,MainStimuli/029_sit_cut_potato/it_target.png,/Users/matveikurzukov/Library/CloudStorage/GoogleDrive-apazent@gmail.com/.shortcut-targets-by-id/1exBA-7XrpLfZc6s8oGNYTbmjGsu5dT6p/Gurung stimuli/29_sit_cut potato/1/it_target.png
29,029_sit_cut_potato,sit_cut potato,end_coh_it,MainStimuli/029_sit_cut_potato/end_coh_it.png,/Users/matveikurzukov/Library/CloudStorage/GoogleDrive-apazent@gmail.com/.shortcut-targets-by-id/1exBA-7XrpLfZc6s8oGNYTbmjGsu5dT6p/Gurung stimuli/29_sit_cut potato/1/end_coh_it.png
29,029_sit_cut_potato,sit_cut potato,end_ic_tr,MainStimuli/029_sit_cut_potato/end_ic_tr.png,/Users/matveikurzukov/Library/CloudStorage/GoogleDrive-apazent@gmail.com/.shortcut-targets-by-id/1exBA-7XrpLfZc6s8oGNYTbmjGsu5dT6p/Gurung stimuli/29_sit_cut potato/1/end_ic_tr.png
29,029_sit_cut_potato,sit_cut potato,end_ic_it,MainStimuli/029_sit_cut_potato/end_ic_it.png,/Users/matveikurzukov/Library/CloudStorage/GoogleDrive-apazent@gmail.com/.shortcut-targets-by-id/1exBA-7XrpLfZc6s8oGNYTbmjGsu5dT6p/Gurung stimuli/29_sit_cut potato/1/end_ic_it.png
30,030_smile_make_momos,smile_make momos,ic_1,MainStimuli/030_smile_make_momos/ic_1.png,/Users/matveikurzukov/Library/CloudStorage/GoogleDrive-apazent@gmail.com/.shortcut-targets-by-id/1exBA-7XrpLfZc6s8oGNYTbmjGsu5dT6p/Gurung stimuli/30_smile_make momos/1/ic_1.png
30,030_smile_make_momos,smile_make momos,coh_1,MainStimuli/030_smile_make_momos/coh_1.png,/Users/matveikurzukov/Library/CloudStorage/GoogleDrive-apazent@gmail.com/.shortcut-targets-by-id/1exBA-7XrpLfZc6s8oGNYTbmjGsu5dT6p/Gurung stimuli/30_smile_make momos/1/coh_1.png
30,030_smile_make_momos,smile_make momos,coh_2,MainStimuli/030_smile_make_momos/coh_2.png,/Users/matveikurzukov/Library/CloudStorage/GoogleDrive-apazent@gmail.com/.shortcut-targets-by-id/1exBA-7XrpLfZc6s8oGNYTbmjGsu5dT6p/Gurung stimuli/30_smile_make momos/1/coh_2.png
30,030_smile_make_momos,smile_make momos,tr_target,MainStimuli/030_smile_make_momos/tr_target.png,/Users/matveikurzukov/Library/CloudStorage/GoogleDrive-apazent@gmail.com/.shortcut-targets-by-id/1exBA-7XrpLfZc6s8oGNYTbmjGsu5dT6p/Gurung stimuli/30_smile_make momos/1/tr_target.png
30,030_smile_make_momos,smile_make momos,it_target,MainStimuli/030_smile_make_momos/it_target.png,/Users/matveikurzukov/Library/CloudStorage/GoogleDrive-apazent@gmail.com/.shortcut-targets-by-id/1exBA-7XrpLfZc6s8oGNYTbmjGsu5dT6p/Gurung stimuli/30_smile_make momos/1/it_target.png
30,030_smile_make_momos,smile_make momos,end_coh_it,MainStimuli/030_smile_make_momos/end_coh_it.png,/Users/matveikurzukov/Library/CloudStorage/GoogleDrive-apazent@gmail.com/.shortcut-targets-by-id/1exBA-7XrpLfZc6s8oGNYTbmjGsu5dT6p/Gurung stimuli/30_smile_make momos/1/end_coh_it.png
30,030_smile_make_momos,smile_make momos,end_ic_tr,MainStimuli/030_smile_make_momos/end_ic_tr.png,/Users/matveikurzukov/Library/CloudStorage/GoogleDrive-apazent@gmail.com/.shortcut-targets-by-id/1exBA-7XrpLfZc6s8oGNYTbmjGsu5dT6p/Gurung stimuli/30_smile_make momos/1/end_ic_tr.png
30,030_smile_make_momos,smile_make momos,end_ic_it,MainStimuli/030_smile_make_momos/end_ic_it.png,/Users/matveikurzukov/Library/CloudStorage/GoogleDrive-apazent@gmail.com/.shortcut-targets-by-id/1exBA-7XrpLfZc6s8oGNYTbmjGsu5dT6p/Gurung stimuli/30_smile_make momos/1/end_ic_it.png
